"","Animal","Estimator","Area","Period.1","Period.2","Period.3","Period.4","Period.5","Period.6","Period.7","Period.8","Period.9","Period.10","Period.11","Period.12","Period.13","Period.14","Period.15","Period.16","Period.17","Period.18","Period.19","Period.20","Period.21","Period.22","Period.23","Period.24","Period.25","Period.26","Year"
"1",37703,"AKDE","plan",9.81069279636849,11.144027592495,5.02501160258414,9.38488916446764,5.32251954734513,6.09563170812963,10.8969037807528,1.93132149189742,3.43561293317587,5.41752318336471,1.82044438971869,10.8564135621784,6.22842484596398,8.60711618851909,5.69882819562031,2.22286517381068,7.53997415802212,6.80191365838227,19.5931431582712,3.39226810826224,10.4069063959124,5.87183335231086,1.78058686820967,9.13285472803793,7.26868086982294,10.0792088534856,2020
"2",37703,"AKDE","surf",10.8347091822735,12.2981690168652,5.50098993554398,10.2391269007637,5.86208861642577,6.69514589626546,12.0305564810111,2.08572338261337,3.76985349832742,5.96032622366324,1.95230271494335,11.9627796924094,6.8725132695872,9.54188259575703,6.24530264162147,2.42537885479674,8.33053274727373,7.49706680508523,21.4086671262314,3.71682483732154,11.4639257333567,6.45726776953499,1.93735710651125,9.95058209963351,7.79134966258872,10.9276869021172,2020
"3",37703,"BBMM","plan",2.85369200803481,3.42014805513407,2.95090668938609,2.87496476563429,3.04879555420937,3.61726120664473,4.73999787850795,1.23101769925841,2.94261307268049,1.49739787529092,1.74436001258348,5.27025550694121,2.22314144334319,3.90679672621876,2.59100335268056,2.20928839306093,2.38319422287254,2.13381379444256,3.27616320196456,1.60082400241389,1.98376389806775,2.89723160464829,1.82051479123499,3.18447773357756,3.46979039380611,2.11737708437258,2020
"4",37703,"BBMM","surf",3.11391034967123,3.70779273827056,3.22014446205588,3.11117091282974,3.30471435364389,3.95792378991985,5.19345563203128,1.30651424049389,3.22298646323595,1.61723759296047,1.87161847953809,5.7999645050782,2.46988364268596,4.33966385289835,2.75541854118931,2.41080733218843,2.56650966647226,2.34115800862059,3.6038971738002,1.70939928326797,2.15382798928389,3.17217846050856,1.98259147127229,3.43515539325913,3.7005822254453,2.28178132011358,2020
"5",37704,"AKDE","plan",31.7220498491206,15.0808283283435,2.758570684353,18.0401845663894,5.66267098280928,2.44361112096835,14.566786091031,3.38010606051047,15.128782218522,19.7588491457251,1.43841425210905,2.58779790634071,1.73534394802032,23.695759968486,6.11090780052203,5.40704565441424,5.71966668336193,5.88954006931183,2.55066079864614,28.082215989709,9.66904460452341,13.3116612772893,9.89622931489895,22.4399963108077,8.83540016361235,6.23461913201276,2020
"6",37704,"AKDE","surf",34.7674384347328,16.3097714351572,3.00575623133412,19.7328648549918,6.11846509062349,2.63075475052197,15.9142005032226,3.75374374575336,16.5297066590037,21.5654365579007,1.59195796817626,2.88376599927487,1.93857619551312,26.0019873521602,6.60647228083932,5.78509028996128,6.20568990852938,6.27109647145287,2.7930034433603,30.6048912380133,10.4481600554573,14.7309358579172,10.9590695083212,24.533788238086,9.64892412143518,6.87957739653952,2020
"7",37704,"BBMM","plan",3.31275654346516,3.89481290197038,2.14029981027184,4.1759307683166,2.33896341335752,1.92166455084138,3.2399120356735,1.74053500101636,2.40003144091853,1.97907395549021,1.15414710792955,2.29468896542233,1.56023289921825,4.40398933293828,4.36742488104046,3.54703887582893,3.86653631386389,3.3686026753024,2.26078400404601,5.87423995983454,3.00573007863152,3.27856193210098,3.75665921941957,6.54210052607485,3.42072934294688,2.86440373860782,2020
"8",37704,"BBMM","surf",3.65733466121881,4.18497760560963,2.34540589815929,4.63253239898121,2.51336035922165,2.07479884864431,3.56861346979639,1.93959174213825,2.65242964511908,2.22836298303555,1.28272389897471,2.56079370971981,1.74840150689212,4.89305197132407,4.70995049367654,3.7884742910856,4.19296498723749,3.59378051943833,2.47294444008137,6.32231820512703,3.29201015111899,3.64951912105889,4.17982033511216,7.20216637717717,3.74482020213266,3.22074857000349,2020
"9",37705,"AKDE","plan",33.3648941523883,6.20523986716349,3.85367482503557,13.5591145269308,17.4770723866768,45.2692536842873,10.2008416039299,4.50232030601364,9.28508429319617,2.04807165542974,7.2316973347162,3.80156916452588,3.32506640954651,11.5032974763419,5.28587125530351,7.57996778570314,2.47896025396821,1.44278293991435,13.7391887826654,14.7793695182492,6.65633689517574,12.052647572481,28.6020367338197,5.99986175516625,5.81196492826423,9.35412319152361,2020
"10",37705,"AKDE","surf",36.5676535697845,6.69566577548546,4.21000458400242,14.6440472967671,18.7391354756016,49.4465076862603,11.0528163124131,4.93625371206695,10.179531949941,2.25516577585031,7.94276610973703,4.15664318859027,3.65930521964057,12.5613718957771,5.74996681029539,8.38943292130243,2.7068956946332,1.57316791361036,14.936924066113,16.1285693423018,7.10457359655331,13.0824920994417,31.280987627779,6.44787550402798,6.22144105135056,10.1604132272925,2020
"11",37705,"BBMM","plan",4.23809225193673,2.41951042144158,2.93650448991328,3.4417122501448,3.61659546296851,5.33630360988785,8.77919433167672,2.11849450550709,2.64736020047147,0.80887763423372,2.64255162959784,2.19063855386854,2.23062392180341,8.31614425704976,3.20645229903233,3.60150404547119,1.72252604529446,1.91468171389994,4.91349493100665,6.45571280796999,2.62253198667172,5.06789643996777,6.31357566642047,4.60973537994074,3.05848950480064,3.08386643685846,2020
"12",37705,"BBMM","surf",4.67765785322924,2.6267343883544,3.21456652085059,3.70748577567178,3.82602848646905,5.71426997993165,9.49413374026355,2.32355783576948,2.90379724850556,0.907858489509807,2.8837032180628,2.39811156253742,2.47254812197112,9.06479897049929,3.50303601053679,3.99063618173738,1.8566939789029,2.09454165284291,5.28276607622505,7.04120932882146,2.80828928917802,5.50397815090435,6.91047224459601,4.95016480067379,3.25571441391903,3.33145011636703,2020
"13",37706,"AKDE","plan",8.27210363985926,8.86969815214414,32.3831571723933,12.7484536327714,17.4901718638388,17.6806883486336,23.7419223609347,14.6520363654228,15.0588803043164,2.24405092547015,2.80648798903111,4.90768744019037,2.58239446451573,3.99428351492175,3.85307426139433,10.0313439231639,8.08699728382079,3.65147663384758,3.56524837081283,23.6519314816699,9.25368275814866,20.1225207844868,22.6081622832941,37.6550828368627,22.2954046687678,21.3742063549789,2020
"14",37706,"AKDE","surf",9.63145403113624,10.1541871656726,37.4883881892187,14.6715679735582,20.1049204320383,20.3648786914919,27.4348622785202,16.8524087014309,17.2933445975393,2.5583414127699,3.21128744075436,5.60421716104783,2.95645185417852,4.56260543989285,4.42001248625491,11.5219226513442,9.29585426452599,4.19817222382738,4.08084841371141,27.2739174987399,10.6306041828674,23.1575468349756,26.0414543296539,43.5087653022997,25.741183146755,24.6307338126037,2020
"15",37706,"BBMM","plan",3.59151613880156,4.41038596334283,10.6930506152012,2.81218362225957,8.03487493948046,9.69633515596239,15.4000907233531,7.08415534055866,6.90956225079652,1.87350511313043,2.84120776383157,4.63818998188888,2.91400465622135,3.24560987552416,3.25454745307685,3.7359186370022,4.14919778066975,2.19567530432095,3.2039560352795,5.7342287157758,7.07415157763142,9.69678665234914,13.6018323149051,25.7947339250067,8.85945078044301,10.556095937123,2020
"16",37706,"BBMM","surf",4.21707762984988,5.04514453346941,12.3250779341791,3.21641609372552,9.23203827065027,11.1550337313319,17.7701269393621,8.14220186043362,7.90647208967616,2.13513646712196,3.2554922902876,5.2974445174714,3.33855247373288,3.7096710151051,3.74938802013827,4.27273438124629,4.763470181716,2.52249822854145,3.66560240815423,6.58779959773033,8.13034690427071,11.1389700231049,15.6547830642234,29.9139410960362,10.1969553556803,12.160933437943,2020
"17",37707,"AKDE","plan",6.41970855843921,7.51163854263343,5.73563456093135,4.19110846093312,17.2386450683507,9.51442657171555,26.0512618018631,6.86609372401082,34.9779306274239,21.4140657874004,7.94591378585633,8.4995400426901,6.78825655175274,10.2327302211524,7.29841892683577,14.3828216824384,11.8970146341723,2.7246211784182,7.2218733161682,9.62388889645906,7.47129914053344,16.2868593977194,30.9922108802635,6.12294194873598,10.8683637119723,18.8239350532087,2020
"18",37707,"AKDE","surf",7.34302782834969,8.5644638138425,6.57262168093253,4.75797608141865,19.7183108232841,10.8924301518235,29.7185454424518,7.84663850267638,39.8609357979254,24.4945798185377,9.08977851741244,9.72989257452652,7.75777396569412,11.7268475729164,8.34785229745558,16.4095762215169,13.6099954230034,3.11082470037675,8.26336116198296,10.9902221622472,8.56247396866981,18.5687601106422,35.2384346870339,6.97497063367057,12.4236474842079,21.4613784833992,2020
"19",37707,"BBMM","plan",3.29705362682368,4.99711469966914,4.24785331896531,1.83513695432945,4.90267447319825,7.26882063720364,8.33572904518293,4.07589457499152,12.8440749510706,8.89041179628794,2.97033895709585,2.70716046323115,4.37485544766432,3.99509461178912,2.11937220340928,2.61304009876411,6.25122227611504,3.31232046393801,4.01975218128618,6.9759450450804,4.87303760040064,6.55846537282827,12.2335980484231,5.84031525742912,10.5969356771686,13.8024080108217,2020
"20",37707,"BBMM","surf",3.78830398789034,5.70943420413416,4.88243606182682,2.10687793090003,5.62187705722256,8.33495796092581,9.61639745194178,4.67716310484396,14.7502414948663,10.2539825338553,3.43352594054716,3.13541058646204,5.0300599153656,4.6070179247968,2.43686306172863,3.0305961101419,7.19284500303473,3.80896729207615,4.63536124268376,7.99618761195861,5.60473043555842,7.52663206117076,13.972160363197,6.67304091596938,12.1549038946391,15.801511700752,2020
"21",37708,"AKDE","plan",1.73923342850397,2.27823717813007,16.5345336296145,25.0545784605326,16.5730846082534,2.98474411052981,11.3011150367392,3.88248429309754,6.58950840140482,4.98322856481172,15.9747100971368,30.2216382449399,22.2397887919342,5.91554634044843,10.6050270905566,10.172200490593,8.98302704528355,4.46261882966043,10.9269034635683,12.3418829299036,11.1283323330842,10.9571969642467,3.64159766218394,14.4222543742832,10.1269018856666,25.5820111972931,2020
"22",37708,"AKDE","surf",1.94676120399755,2.53206724523967,18.3801604472082,27.8314631655242,18.3439806056474,3.37884993635609,12.5243631358129,4.31386340333022,7.27930055842192,5.59197596921678,17.7205540854941,33.5763851396742,24.7734003385577,6.67779788616355,11.7942122517526,11.4529334307779,10.0879624939393,4.98192512120704,12.1696114999671,13.6083757277256,12.3738669874492,12.2208982963613,3.99069150570953,16.0353888698587,11.374150171266,28.4481944590289,2020
"23",37708,"BBMM","plan",1.25485064770424,3.18683332387539,5.82280437475834,6.6075295765481,6.29859532877137,3.41241120310091,9.73100134253914,2.40970262340503,1.47403889444651,3.69227678771854,6.01090798632817,11.1622157754641,5.57226306809627,5.17420738183161,5.15633132549277,4.88521965399425,3.37397870111016,3.44948274373165,4.0049698659758,5.56901614532736,3.74876249923339,5.23810694216619,3.09380280076228,5.50258316748451,3.29968589837739,7.27044022217715,2020
"24",37708,"BBMM","surf",1.40189833401374,3.55141537336911,6.50307335831754,7.42222017473827,7.063675985119,3.84915228891169,10.7808688471788,2.68196665224251,1.64156770637847,4.18216919211268,6.75638995328687,12.4585696060665,6.29696165531508,5.87042711104864,5.78590146438473,5.56787597533247,3.8418516285948,3.83852267881351,4.50337496500454,6.12348569788497,4.18856266137537,5.90393362271226,3.38192275088456,6.11229862606989,3.75691405647016,8.14966734815685,2020
"25",37709,"AKDE","plan",8.65928055504417,12.0088437499285,21.4089984148777,12.2212480584018,13.2813022890712,33.1142777891726,18.3321027980078,13.1639880722915,60.8659464990824,12.944485072346,2.54781976545964,5.52052041794098,3.37442076229191,8.96126128661588,2.72020072912114,7.70013559690348,7.65811347111015,5.11556969092547,7.42355248199613,23.3653118202568,8.07862030509537,33.516550018787,22.464644451869,56.7341434706664,21.9015374724015,24.5667018257945,2020
"26",37709,"AKDE","surf",10.0585825477345,13.805290305134,24.6603095175913,14.0712345813385,15.2611555583928,38.3058574144494,21.1147254470473,15.0998192084426,70.3049789945685,14.8523327629726,2.90685840339626,6.31599201043692,3.86411668456375,10.2561390013624,3.11654470320515,8.84237427641505,8.78382071322209,5.88649889260988,8.5269764475563,26.9338093837964,9.24742398664542,38.8041652810377,25.8924208113821,65.5500086197184,25.2867810976803,28.3581573048756,2020
"27",37709,"BBMM","plan",4.35768708868354,4.64762660925374,10.0412032187915,4.35882260605597,6.60228897639784,11.1217525217737,11.4106475549103,6.60949183991961,3.66926581179616,5.62732831717143,3.08645355909939,5.10181959184626,3.0395299623234,5.52250759548192,2.5788997019592,3.27393409837718,3.45547916796703,1.94041748712209,3.76651758853221,6.40876940741591,7.11890147234711,12.3760508217048,13.5169337863756,16.5124578528486,8.68161436440478,11.2250110469896,2020
"28",37709,"BBMM","surf",5.1268313338198,5.31837658357308,11.5200998284714,5.01278847093077,7.55724492851341,12.7662196687784,13.1030638051163,7.55410408203288,4.23622187881038,6.44326438576452,3.5338750131114,5.83557569627634,3.48549934717225,6.32851772444144,2.95975071063105,3.74186263684178,3.96207758519025,2.23898937110399,4.31807066834855,7.35769793463142,8.15303943685925,14.2416775549489,15.5578696386291,19.2101909583312,9.98568160743501,12.945205290611,2020
"29",37710,"AKDE","plan",4.98875531016927,8.60682715896479,5.61594546847964,4.47027803968426,5.96954858550892,9.16900876528344,3.33001786301882,3.24863692627225,99.6050633500466,35.3634608173903,8.03019611991175,18.0272961603219,9.26798054183902,11.3435698098893,2.35747715487224,15.2391546472897,16.6019689927953,43.0204523229329,59.6459416643016,20.722961505251,14.8123926321946,10.7256127535543,16.4662741733345,13.9080614979844,14.3785951172647,12.8420500800015,2020
"30",37710,"AKDE","surf",5.71252256103087,9.85160282954477,6.42558477005935,5.07820026059259,6.79999885677584,10.4070419660997,3.76389781002246,3.67307526597309,1.12336351858717,0.394651330903634,9.1125464676513,20.4566688555511,10.5417235377497,12.9182242843692,2.67015870657035,17.3031291018944,18.82109259929,48.6642897202944,65.5495610454712,23.3631491327165,16.8545802813706,12.2176190098266,18.7868519723511,15.8101026001458,16.4477238230047,14.6680302158392,2020
"31",37710,"BBMM","plan",3.21103044363379,5.26601263204195,4.16251095429003,1.64732511497695,2.13717437466207,6.29652669766748,3.65730975158184,2.41424974143173,0.488170028837656,0.248732787974078,4.0790186638703,5.70138849530608,4.38226233428191,3.33092261795328,1.48628534738144,3.89320618908481,5.53524037837123,9.02029821883925,9.74815003393203,6.4675275419656,6.77146121265948,4.4104534277884,15.0185216318817,12.9618751212234,8.64489277765825,13.137955736483,2020
"32",37710,"BBMM","surf",3.67467083023611,6.04637854708723,4.77914730955391,1.89636424662269,2.43748682402632,7.19935074154493,4.13975763392355,2.74534176718353,0.549553514243549,0.274574610033572,4.661833927631,6.51104173786239,4.97702495630252,3.78642572114739,1.68845267023705,4.47113441557027,6.3203574872242,10.3093403745849,11.1273142161116,7.4223298822024,7.71430511933687,5.06301198915627,17.1629843208609,14.7516982407964,9.91971458500888,15.0567167214638,2020
"33",37711,"AKDE","plan",7.52063670693062,11.0018804570848,8.63142226886317,5.22498970240965,8.02498836536459,11.6211134931725,11.9472761311253,9.20714584972574,17.5384263074433,1.6817469019069,3.69376066953474,11.8732547647149,11.3431347262836,3.5372824260299,16.1278262051016,8.0052067230199,23.5123933221793,3.04857633178813,10.8869327438237,14.7717862892356,12.6944636686218,10.7759049069969,19.4539121664854,12.5312008687955,14.4309030796621,17.1361919064434,2020
"34",37711,"AKDE","surf",8.60057737333299,12.572355867926,9.85341934594757,5.93959083371083,9.17383835176369,13.2911240489626,13.6713070142836,10.5266813766617,20.0260508898297,1.93776907278471,4.25179315705142,13.5959145488717,12.9715550340073,4.08767103957233,18.3744858069636,9.09385611026914,26.7898320909266,3.49031154554515,12.4059465847691,16.8347355155859,14.5035265194152,12.2671200462354,22.1599224469465,14.2404241033324,16.5132227332852,19.5416018818647,2020
"35",37711,"BBMM","plan",4.28281417079111,7.26764706002612,5.88564707641471,2.73063031317275,4.90208046223149,8.27267348071354,8.31620991541277,4.40730249387625,8.9719668563516,0.665274369738636,2.49879965075272,5.91140154493238,3.45241064693746,2.56669136740602,9.54810402059133,3.83878434856497,7.79311541156034,1.98316871588188,4.58046334520134,8.74718697660215,5.52874234779425,6.58931504786292,12.5920224513912,10.1806092483746,9.62214899309794,16.3561632264103,2020
"36",37711,"BBMM","surf",4.92274404581443,8.33015858350238,6.76384737675389,3.12126459587084,5.63481610262594,9.48768382116983,9.54801873695138,5.06381295343478,10.3220715189892,0.759846867276659,2.88984051027026,6.80966224230451,3.98586261595666,2.97307704565133,10.9638118198834,4.404668491083,8.97308443407405,2.2815068061483,5.26628583205261,10.0426498750124,6.36553222917851,7.52892201212068,14.3990060969195,11.590509062998,11.0372507453696,18.7143298491767,2020
"37",37712,"AKDE","plan",8.40775032950108,2.12704846278661,1.66019704027382,1.32336044632098,37.7508913599687,1.5730432370631,1.78791526775113,54.5259287979915,1.15035190973769,91.8119534630115,36.1501157318332,92.4555096915548,16.6695452915547,6.25465220501378,5.42428492286601,3.61031801676179,28.1163034649117,3.23563506553971,81.3157399976309,2.7733391956769,2.26022918086716,1.21972248677181,2.19408468327392,2.64941867840261,2.86426048424796,1.61182318869143,2020
"38",37712,"AKDE","surf",9.29282064178678,2.32261893822428,1.8357406505994,1.47551333751101,0.427074945706531,1.74961283691265,1.96967976084033,0.601357982329814,1.26860507421548,1.01930024518139,0.402756094680246,1.0265408861019,18.3414076767178,6.89634824996402,6.00167088647019,3.98612595257226,0.304889123482652,3.54096921403235,0.905052232192467,3.08978972491529,2.51631302249499,1.35149062992606,2.44756315510091,2.92122561029025,3.17920760260969,1.78625455726733,2020
"39",37712,"BBMM","plan",0.710143733740553,1.01569337498898,1.06044642042752,0.47602573014282,0.297878376474996,1.6795311550047,1.49533306369685,0.376807875532422,0.906595385460038,1.21464160682754,0.240398794945182,0.673287284636829,3.35786918387012,2.03243219130282,3.14609294984538,2.01830981595685,0.254603406407396,1.79000076528093,0.645141098157272,0.888989999512323,1.6390128002625,0.796704029235144,1.09203720298804,2.70963808493585,1.10700835755769,1.14337597098285,2020
"40",37712,"BBMM","surf",0.779943161224136,1.11625687488169,1.18314578871043,0.539893271099303,0.338019102285726,1.85889983913961,1.65740367047559,0.409756370663255,1.0042220170113,1.36279123930948,0.268813266637963,0.748302670944729,3.72688480579219,2.2553711067612,3.50921377701422,2.24813085298026,0.277363275565402,1.98832359783549,0.720100153094688,0.994141254506173,1.83938481493384,0.892103324052435,1.22683150000208,2.98783757659076,1.24349250719438,1.26616121967532,2020
"41",37714,"AKDE","plan",12.5833746963016,16.160025203637,20.0586791017724,50.2946652826104,18.2547874374992,22.5868180100401,26.5554397820973,20.0016616194911,4.07886853770808,1.80970091950657,7.67565565653938,19.0380381586109,8.69333644820437,11.4482626357043,5.9196535876921,20.53138893428,16.2258882795805,43.1668540822739,67.4908770426911,18.8871466052113,13.8216400170055,15.0950847707636,12.8606320472629,82.9423626265341,2.51292863976998,1.24149015638425,2020
"42",37714,"AKDE","surf",14.3066910862652,18.3408728760283,22.818396614627,57.1536390869399,20.7116798551869,25.6255851924342,30.1103321133551,22.7303418838748,4.6413844748176,2.04431996144893,8.70934211494742,21.6088077373198,9.87835067634639,13.031968203446,6.71765553682315,23.3411115907237,18.397726102123,48.7772925043974,72.1173076140986,21.3163441476257,15.7367232463192,17.1812667309652,14.6283702096399,94.1880233229784,2.87481082571737,1.42007028975961,2020
"43",37714,"BBMM","plan",4.90272137980472,7.84348236696351,5.85536646755632,8.92116384767951,11.8404366947655,11.329690154866,11.459582260202,10.9736124446067,4.01727341170635,1.14257990879499,4.32750518187954,5.62892176981899,4.49234195433487,3.49842089625425,2.85500925777221,5.39740161177804,5.12642902501112,8.61852717891627,8.84772491796379,7.74241133924488,3.97105357741244,1.46464708293425,5.69200204438639,10.6725489748044,1.61908056045503,1.33197385811624,2020
"44",37714,"BBMM","surf",5.618935283742,8.95029656629172,6.64520831849669,10.2560441218793,13.510482036206,12.8930860534669,13.0605591095506,12.5076756854301,4.57129491649881,1.29299284958194,4.94003056689263,6.42657534146614,5.10396298512216,3.97582693463515,3.24875858020711,6.16497637986108,5.84729829939128,9.84054625339326,10.1145400402459,8.86122025735181,4.52330137627034,1.70051467456237,6.56100366243447,12.3114781322387,1.86028927022587,1.52696384095693,2020
"45",37715,"AKDE","plan",29.7385788119771,23.4095870058979,6.1839163563101,8.81634341951299,10.9769090706593,8.61665063969856,6.08065035300153,11.4302159659427,9.53251464636958,17.0307270484152,1.50298289682808,7.32082625015263,5.8447164303564,15.4032683048491,10.1649161965885,6.8444196548804,14.5771525456626,5.1508781625192,5.51201633409274,9.61221106670563,8.08083258572424,10.5436741044474,16.4362713154467,17.6803394253249,15.4782543328746,5.6775410933725,2020
"46",37715,"AKDE","surf",32.5848326413617,25.4098341669906,6.74945555041143,9.5255674416122,11.7500799048402,9.28633576468898,6.58388387294297,12.3406774967242,10.6164847880668,18.5355238051911,1.63590466918745,7.96567749120208,6.49794517557688,16.7975572609431,10.9527868673008,7.31955086540137,15.9244940589935,5.440763386779,5.84389191106218,10.3071247503719,8.71023490375171,11.6188045713461,17.9921862116551,19.2156401208285,16.753007735696,6.1298268114845,2020
"47",37715,"BBMM","plan",3.29838415173442,3.23878514097091,2.52202816614096,2.84990972521854,6.52670189222729,5.63122695653913,2.51122730346281,3.52528390017929,3.52200271278227,2.58564249693157,1.53197032575566,4.4528952628497,4.34181724965881,6.26634097377284,3.76404032070003,3.11301274457902,6.26965145033978,2.18965733846779,4.70357537452399,3.00497566053058,4.51017778342997,3.98853969274071,5.55099047391162,6.45301724240549,6.08175344140569,3.12105122494886,2020
"48",37715,"BBMM","surf",3.63798761873591,3.48914212784608,2.76590041970898,3.05299472164009,6.9485676622265,6.09903176692818,2.74247084352802,3.78869544514678,3.92151596539572,2.80920888331711,1.66477592264385,4.91053479544305,4.85572443880749,6.90342548963535,4.05101414899028,3.29962531450215,6.89660869268347,2.31771983124711,4.99480235242189,3.14626168105386,4.89919294908021,4.43876074023003,6.12758056643749,6.98302955792668,6.61191555892143,3.35431544485847,2020
"49",37716,"AKDE","plan",41.6526498379665,9.90320493957032,5.38360349750424,7.6035890035434,18.2987239425892,43.8727332212059,11.0829564823222,4.59079827469323,5.79739105724371,1.13414349200063,4.0424959854526,5.11794332631132,5.52516639052965,7.22760923514282,5.5262174335362,10.9573175594949,10.1711154565091,1.13241121869266,20.5640025432718,5.54972755198513,8.49595394223816,15.4793592965984,25.1542658583898,5.85391602804715,4.57613892165507,5.67714505661718,2020
"50",37716,"AKDE","surf",45.6960507549084,10.945109278476,5.90848994533023,8.30353558045004,19.8612810020635,47.8665026631622,12.0760283340881,4.95806428160886,6.44646770413607,1.2627638929223,4.46757531199939,5.62920890340784,6.08647143154713,7.89207846783775,6.05750534906742,11.9860155056088,11.116786133755,1.26812187126197,22.327206528199,6.05276737159384,9.26003934755838,16.9652113835209,27.5269636635309,6.33623448761654,4.87625512422454,6.12767127882039,2020
"51",37716,"BBMM","plan",4.28299203181754,2.24641912110646,2.65843541751653,3.96040608206579,2.59664496068544,4.06788945449074,3.09491315001019,1.71371005173969,1.87772490968164,0.833773579361679,3.78764013279787,3.31709165363172,2.1041327239341,3.14765459706587,4.70114084567579,3.35873392984398,3.03801666618583,1.45391875816429,2.73375248976309,3.90122450485398,4.02782346138968,2.24652686750121,10.7127415984594,5.14042212630557,3.03647830202144,3.5405710043422,2020
"52",37716,"BBMM","surf",4.73117730057218,2.51298790694169,2.91909005660098,4.35913063644175,2.77880002252251,4.36250734031339,3.42745256139577,1.87931948874009,2.09936893824366,0.930659861441541,4.18518481467372,3.6734932185347,2.33451572870537,3.41151512587482,5.18052458456299,3.62765173473372,3.35957356689235,1.63035553308068,2.9555210802749,4.25828983505883,4.33844680491007,2.48100660670225,11.7967362553297,5.59622344809479,3.21869733190926,3.8030929154145,2020
"53",37717,"AKDE","plan",9.98976341096535,9.25553302125678,14.3026338404694,13.7422152376291,15.5516935428374,20.3577506235949,17.6588597281918,28.3195240853007,14.7506539504407,20.7837588184374,32.810751021948,5.03548871500778,2.9331179596332,9.31672486549477,3.62946606210107,9.81325743688835,6.76262165979306,4.86759249424709,3.1698347184852,NA,NA,NA,NA,NA,NA,NA,2020
"54",37717,"AKDE","surf",11.5879159685105,10.6148186850351,16.440297720627,15.8289169266573,17.8658333208286,23.4510637011079,20.3268927154382,32.7440403223168,16.9763352308861,23.9656434229159,37.8607752023601,5.76104582599984,3.35302722872201,10.677507220071,4.16705782827977,11.274355877456,7.78608560367845,5.60445781421729,3.63641211483645,NA,NA,NA,NA,NA,NA,NA,2020
"55",37717,"BBMM","plan",4.48570665171925,3.25407659264412,4.03758044499575,3.30468572975541,6.15732695402738,11.5270358983471,8.52291838714312,6.99744893112014,6.36389342574279,3.55694200193776,5.73296913739313,4.02878514472015,3.21248799887224,5.82037528440583,2.68674685434289,5.26275370487239,4.10481798507778,2.22426588495825,1.99951799743106,NA,NA,NA,NA,NA,NA,NA,2020
"56",37717,"BBMM","surf",5.25006929705348,3.71826153721495,4.62641116528731,3.78561097901053,7.06243407548278,13.2404910541064,9.77432457665983,8.05454139851678,7.29100114208853,4.04330917400796,6.63635305552655,4.6041431551415,3.68240924877212,6.67529598850348,3.08740180675617,6.06129804378447,4.71555349206492,2.56609985803775,2.29786627027223,NA,NA,NA,NA,NA,NA,NA,2020
"57",37718,"AKDE","plan",1.94595911961435,2.59079160262601,24.0496697333075,12.4392281337667,13.0946412681851,21.1592702336585,28.5334124262261,12.8486598519445,78.4949357338678,5.64316095668543,2.46029080849537,12.358224647776,2.2151278367499,4.55670544035689,4.36112287567392,9.299403613237,7.16154875350767,3.03965006237124,3.68096530937762,24.5134051059176,10.9305101904923,28.0478335977396,18.1413914568644,47.0445447490317,21.185843467994,23.7087390333406,2020
"58",37718,"AKDE","surf",2.22472101364265,2.9644127909525,27.7044727791602,14.3105733906428,15.0441323263626,24.3438465991845,33.0228542611776,14.7461190967409,90.917175338434,6.45990980285456,2.80240251063922,14.1825145213181,2.53308441357258,5.19864950867906,4.99801066860708,10.6841366172457,8.22875108046076,3.49719354439111,4.22558277661281,28.2831570355815,12.5497444437783,32.4335701748058,20.8657453304712,54.4183121325516,24.4919930313891,27.3716812912404,2020
"59",37718,"BBMM","plan",1.90606012023305,1.3174981176023,6.19830548495816,3.31312727428799,6.2025323973857,10.5858215664772,10.9051162753586,8.68992834544413,11.4755670171363,2.43219390656391,2.75854035320307,8.83678267504653,3.04656372282184,4.68199192852055,2.16482318918203,4.41539591582651,3.30693404357234,2.58519080145187,2.20557433229232,5.77506949985054,7.73376276808732,11.4811517268994,11.0629101514931,15.9676930052672,8.89285887667767,10.5147017730553,2020
"60",37718,"BBMM","surf",2.18773406013786,1.50082892015886,7.13305425136824,3.7846877058603,7.1002993279174,12.1615749978961,12.595127746833,9.9784792170517,13.1849671471553,2.77610233771112,3.15650229312057,10.1832158204718,3.49219454395544,5.35445808623185,2.47674914166657,5.06318986343188,3.79855668432029,2.97370136783084,2.52902287646235,6.62934081855324,8.88360428814772,13.2268897926869,12.7200613597526,18.5813275653762,10.2233368716753,12.1133794159705,2020
"61",37719,"AKDE","plan",7.1001056466358,7.93172701903319,6.97502724754065,4.70219595952518,6.23094896295305,4.19848972936335,11.7574352154806,5.98194265903091,8.76694700037706,3.10705014888708,7.43181153817633,10.5665402117481,14.8806859832637,15.5057634982975,7.69541174815742,11.0850006674439,3.17955960572577,6.60806244432957,7.26683830305682,17.2503441426826,12.7723223227519,9.11468742992671,17.4301480406606,12.3235296751222,15.0759037874845,14.408780470909,2020
"62",37719,"AKDE","surf",8.13021499654282,9.08602598130315,7.97002149393606,5.35012763455611,7.08290734089985,4.78680921517675,13.4543518254028,6.80975155124657,10.0194718102476,3.58184495391471,8.50155180162807,12.103419074397,17.0028736582045,17.7314894226262,8.76909713439728,12.624703299197,3.62784675565878,7.57533553893353,8.31066252196456,19.6435085963232,14.5992144371011,10.3914836936318,19.8567255190452,14.0002451466556,17.2423115322594,16.4485814890724,2020
"63",37719,"BBMM","plan",4.31972029965778,5.21112073673296,4.59980284184535,2.44388242133782,1.99888655521233,3.70419073378123,9.60090441025155,3.32473235626642,5.35242976138229,1.55417768585015,3.34693429031699,6.74027309144646,4.78746168141353,7.09383551486324,5.33227048052032,4.28171680025156,1.86291364658832,5.17913499310499,4.83489200767182,7.98217456384513,4.42179606668634,5.29314513153135,14.5767428890034,11.1058696509697,8.34734905153912,12.1699035334471,2020
"64",37719,"BBMM","surf",4.95256620782005,5.99891289863647,5.26992698739542,2.78672448445063,2.30730954891993,4.23239755579193,11.0118359381539,3.80166817412931,6.19892218202936,1.80314162934131,3.86426272213052,7.76402401386696,5.50667033271305,8.16283465724601,6.11420152834448,4.94097515779756,2.14616484932955,5.96069442379659,5.56196355921003,9.17188320720792,5.0964764631483,6.0754179573543,16.644047176039,12.6283788376062,9.57927333095355,13.9534661548309,2020
"65",37720,"AKDE","plan",2.08318166946056,2.94960762401197,15.5047071543539,27.3558826673793,12.487359681155,8.13304371145681,9.13609187985393,14.6050965937492,1.87502249227297,4.05283799492904,20.9750944163577,28.1275096754313,2.01378480390242,1.85688256716156,8.34847155118002,2.85110422537726,19.8121787709879,4.93381175241301,11.0374920948915,11.7044178022314,10.4857363931538,21.3291300884169,3.21946385907276,22.8079281173483,11.0385237271888,31.5455880228129,2020
"66",37720,"AKDE","surf",2.3354555354475,3.27894437945405,17.2116523265044,30.4022479883945,13.907539501622,9.06054755329975,10.1596989794661,16.2852769444377,2.04781852992799,4.55008907669495,23.2699761294858,31.3085063865616,2.30322162697712,2.1191131161499,9.4220603371779,3.241573643584,21.9979104006817,5.48618824471472,12.2776038007721,12.9095563943795,11.6565430792773,23.7551516784111,3.51205799297327,25.3890049060705,12.3949390833204,35.0768382176835,2020
"67",37720,"BBMM","plan",1.48799226820252,3.13919961673047,6.48129903218164,6.7263056754427,6.97428013578996,5.05850061265102,4.36386533686286,3.0925636555033,0.754334222536859,1.9431962366193,7.59551184807024,6.78879822253743,2.07720778503561,1.51855828234136,3.89782862001489,2.00632566217416,4.55305025912664,4.08567575770509,3.06191633226262,6.61893041477679,4.68463525213836,9.98581639835138,2.79504562916698,4.20740629644406,5.59748500464533,6.01562857898532,2020
"68",37720,"BBMM","surf",1.66748985914713,3.49614178989218,7.23050552561816,7.57049016304192,7.81754758714163,5.7089993643863,4.88725247100462,3.55343849313726,0.830329356915054,2.1892492411985,8.45488892556552,7.57963160941229,2.37486853765848,1.73839021517468,4.44155314246844,2.29574288908514,5.13300051229163,4.5476417135519,3.44379968552051,7.31077544615166,5.22221307296911,11.2750465102583,3.03258417728402,4.74487069597398,6.34430041701605,6.76372282699859,2020
"69",37721,"AKDE","plan",8.11371691295943,11.3705309231174,4.92973052577561,6.39685754167596,NA,NA,NA,NA,NA,NA,NA,NA,NA,NA,NA,NA,NA,NA,NA,NA,NA,NA,NA,NA,NA,NA,2020
"70",37721,"AKDE","surf",9.27612180135335,12.997495534602,5.62849519750963,7.29992110127686,NA,NA,NA,NA,NA,NA,NA,NA,NA,NA,NA,NA,NA,NA,NA,NA,NA,NA,NA,NA,NA,NA,2020
"71",37721,"BBMM","plan",3.944114969334,6.781159210922,4.31238745716544,4.66594412240963,NA,NA,NA,NA,NA,NA,NA,NA,NA,NA,NA,NA,NA,NA,NA,NA,NA,NA,NA,NA,NA,NA,2020
"72",37721,"BBMM","surf",4.53685638733595,7.80489125625143,4.94521442386127,5.36596158788682,NA,NA,NA,NA,NA,NA,NA,NA,NA,NA,NA,NA,NA,NA,NA,NA,NA,NA,NA,NA,NA,NA,2020
"73",37722,"AKDE","plan",7.70776979236705,12.7298072941683,8.38643066657509,9.08553155896589,9.10453741457506,10.267075786451,13.8746837284953,12.0884690133967,46.3222072259055,1.11426913434629,3.60512254088073,9.35017418750493,3.91642808300942,8.90379973536226,8.26875214794157,9.70232356911398,26.0759035412421,10.6790320226707,8.76772339446373,14.943797769559,8.75613874509996,8.35507579165957,16.9378542200168,26.6747797463566,7.47092138899688,13.2961104955814,2020
"74",37722,"AKDE","surf",8.81571859702084,14.5476194424694,9.57523682309912,10.3676486936024,10.4222752813604,11.7001599642259,15.8557481005502,13.80973434427,0.540200346185625,1.29133711089587,4.15490871694317,10.6850611406951,4.47597254557315,10.1913903434135,9.41463700370308,11.0310099137872,29.5488623550348,12.2119581149699,10.026442750452,17.0280891527968,9.98270163951586,9.51112522263748,19.2941615325565,30.3527278088409,8.5620808032965,15.1783421849233,2020
"75",37722,"BBMM","plan",4.45971166859756,7.59833871176039,4.35423207239151,3.96161606503888,5.45309122637724,8.21572342654807,10.1248114734335,4.97743108069831,0.597791607022234,1.01090627149302,2.58067181665381,6.85722551787058,4.60505115077144,4.8759288189524,5.42183369633668,3.7898603924358,6.59806238240044,5.17202661960666,4.74016850029597,8.16583373902724,6.98602467254046,5.17296511244211,10.9666194207287,16.1690259483711,8.17399807587551,13.1619306636387,2020
"76",37722,"BBMM","surf",5.11507957118213,8.71400253614813,5.01758925811725,4.55666948130538,6.28234912491297,9.37791293652854,11.6241325813341,5.72402206556168,0.69939632176636,1.17493575174294,2.98023738383722,7.86655404425634,5.26705691381313,5.63167999599907,6.21653866036334,4.34309638683766,7.56204765677315,5.95181963502703,5.45277770860145,9.3675535984643,8.00541811975076,5.92724391720808,12.5482682703586,18.4743870080002,9.39997230215011,15.0939000289395,2020
"77",37723,"AKDE","plan",2.30980267704301,3.50021883265693,21.5288346336506,14.2173125721969,12.216864938774,16.4275969368625,14.7645328970533,6.1298592050791,1.99722410815993,2.78587956015436,1.55961833965075,5.16931289187847,3.15161833326889,3.51021654550401,3.05630581218628,4.92413956995108,8.97229482353807,2.84984754967254,9.74752354461716,22.2816519387361,7.010622579063,21.666391743491,19.2306724053735,63.9825380175515,22.7219057104037,23.8681502290758,2020
"78",37723,"AKDE","surf",2.65060393742953,4.0098502579994,24.7958927730855,16.3839624619574,14.0088051222993,18.9056752676058,16.9657236673094,7.01633468764593,2.26167260472938,3.17382731288947,1.77939154225866,5.91609139992348,3.6096945116477,4.01844668800162,3.50577878657375,5.64366793146899,10.3179400675925,3.26812665760112,11.186781123294,25.6965380262627,8.02567468077398,24.9539081084854,22.1162555021605,73.9856236425968,26.2220158989154,27.5579533365426,2020
"79",37723,"BBMM","plan",1.98499431050696,1.31133241543702,7.21186709976914,3.19208381347704,5.1164372996843,10.0616590417319,10.1042518511503,5.12334547463225,2.46926469795822,1.85455825941909,1.3920971542746,4.4139800730016,2.57204573827665,2.68819154929439,1.70485635397192,2.46259378967564,2.87674410661983,2.69850935172391,3.31251668228945,5.1862460113399,6.44549728128287,11.363782316159,12.688818319839,24.4846189445703,8.9474864001821,10.8011088052213,2020
"80",37723,"BBMM","surf",2.28218622837748,1.49314304432988,8.27741411997991,3.65030406081858,5.84443211896288,11.5608713641694,11.5999384723675,5.87278826264262,2.81738309736031,2.11105892471153,1.58679728567988,5.04191979857224,2.94016840563931,3.07599689183767,1.95058605503947,2.83424917561386,3.31248907166827,3.09911438648788,3.79306250110948,5.95530691866738,7.38368768809437,13.055852976765,14.5953460419083,28.4205101727327,10.2857548757729,12.4546224012793,2020
"81",37724,"AKDE","plan",1.53561382943438,3.73140030700517,11.5630976148654,2.37819248835761,9.44532126192512,7.83014746960176,8.08195188880791,2.73975585849948,12.744499781225,1.92473689498223,10.0405493587495,23.7276835359608,7.3337241026458,3.87831747800244,19.2435821444186,6.28829780752304,16.6252730718666,27.9248297199955,5.58561388248963,12.4804017322118,10.1468909520953,14.9005801897212,2.25246750325352,25.6437135055581,18.9826339767935,9.50975819555253,2020
"82",37724,"AKDE","surf",1.7162445303972,4.16010406783831,12.8706770727305,2.690743941406,10.5011247844966,8.66300432818275,9.00709118871379,3.00122950012139,14.1275353322343,2.20453970387694,11.1470836880809,26.3925112447976,8.28587062384952,4.40734613314582,21.4067993806513,6.90527413201662,18.4092817931315,30.933858070345,6.12300843942244,13.7417656954754,11.2918272747278,16.5550284372837,2.42416260368421,28.4715233931488,21.1619940047127,10.5716058660862,2020
"83",37724,"BBMM","plan",1.3176947189596,3.63327641445196,5.43280710640844,1.64908074217191,5.78780488010434,6.68738052685575,6.70915428635207,2.11120428148468,4.93751612710968,0.709132559370649,6.82848032216653,7.92525619551986,3.07758603298735,2.5454786361391,6.55540311219925,2.954303271297,4.85706449814711,3.53844615175531,3.82849898801169,5.55932713564554,5.73687907530977,5.08621667973941,2.35649422335137,6.57266428344196,4.07444496252583,5.45042256081165,2020
"84",37724,"BBMM","surf",1.47723033297616,4.04490361991005,6.06174261893212,1.88092429929515,6.48074549049032,7.41913198094943,7.48969508108411,2.31215415277684,5.47457986952677,0.816262752196055,7.60778496141681,8.83125503172635,3.52928215042662,2.91260497317365,7.41692503760196,3.21328492871294,5.39595331419925,3.90545597139892,4.1708830751962,6.12100183047774,6.40840730573573,5.71695880451775,2.54054739172954,7.30610626511723,4.6038219785802,6.11543501996951,2020
"85",37725,"AKDE","plan",1.22618289076346,61.5170045123,12.6852746156227,15.2032644990021,2.86617799106229,14.4358435462836,13.3809309516317,8.42183780809289,17.5605749054386,1.59088848558845,6.13052343837968,14.5233542875474,10.3626059487968,5.15934777250646,1.22626583509211,6.77666198797473,7.041915295437,3.6661420486235,6.16462284643142,8.85795707625131,9.55401261353047,20.4264065261473,38.357962716279,44.1032654733471,3.49501339728996,5.25558658891032,2020
"86",37725,"AKDE","surf",1.39564822221382,68.5905044144336,14.1698552750592,16.8685117619626,3.18080742951692,15.9745114257313,14.8644189484459,9.29781511209882,19.5417123103813,1.77350135899317,6.80537338990481,16.0483625492952,11.4890799772734,5.71824604452053,1.372085017289,7.56140094805597,7.86010272448655,4.08176948484585,6.87476418062153,9.903102440622,10.6569077651505,22.7691166314936,42.4254532138416,48.8681708140488,3.9115098905977,5.87108721993675,2020
"87",37725,"BBMM","plan",0.390504585241487,9.04094032478031,3.18178228464936,7.54188888809681,2.50147185333015,8.46105613943231,6.01298777387564,6.80192974083784,3.33246772847927,0.601476336658448,1.95015522063905,4.65768846574962,2.15887946917209,2.94123757961747,0.963257116512247,2.13266307620303,3.15874966467505,1.80204069958768,4.18731535097184,3.28603873877689,5.12430278820745,9.45529215876941,8.02466214191506,6.90576036321111,2.17508657261966,2.84803669311273,2020
"88",37725,"BBMM","surf",0.448906549809267,10.1804766014504,3.54769082807404,8.36675441652955,2.77773273915693,9.41235240152248,6.70543604116962,7.56303711512741,3.70247576719805,0.673390433792755,2.17661730337873,5.18360920750395,2.39595851028343,3.27459073286321,1.08175384898353,2.3871445427042,3.51690539582579,1.99737803966141,4.66795709407039,3.66115044965118,5.73770803970838,10.6019331459592,8.9436645209619,7.7235187743419,2.43691469580182,3.17925146059777,2020
"89",37726,"AKDE","plan",35.4241466342016,23.0152016936735,12.730449425339,3.84062063075464,7.60775268060247,17.2704250955649,58.6907832748529,3.19619913899218,26.3359235982178,8.72727585123319,6.68851704065119,8.73515020019693,10.3514317079774,11.4696490514383,13.4943414050648,6.75947598804568,12.1870467982978,18.9545218128555,36.5897555742093,93.2813907587548,42.4106154857822,28.5070739835531,4.4360702919429,26.7679635222059,16.3292580036445,2.98254431946109,2020
"90",37726,"AKDE","surf",40.1836709637214,26.2672931091106,14.4722220297128,4.41500825709104,8.65380075627198,19.6234974965822,0.679183034230865,3.67745479552078,0.302949152111796,9.91526506426002,7.65708286940656,10.0035979370522,11.862701731778,13.1040873026847,15.3898033984106,7.71499878650199,13.8951080294251,21.5689397031267,41.5766660417091,106.063751717253,48.5619280132655,32.4397069402522,5.10119756586997,30.5572002735263,18.5692679769812,3.31098149015779,2020
"91",37726,"BBMM","plan",12.1766041710746,5.54743468878864,4.48357863595641,3.11736498408944,3.77297556802517,7.01359130667639,0.813702720955108,3.89557108778103,0.309369767550858,4.84406134484107,6.10237458411198,5.95442575400168,5.91858106840131,6.22216175881724,4.16563628002348,4.99309514714187,4.67155372338136,6.65271386882111,6.32520880982883,12.0396557519967,13.7746836139897,7.2545853351712,3.4443729511038,10.7845658588525,7.11717296757106,3.21833042718294,2020
"92",37726,"BBMM","surf",13.9861117481209,6.36936579453782,5.17891861956042,3.59453181049857,4.30705057492504,8.08238543748907,0.943272409224831,4.51927859660226,0.354385981784518,5.59231893810963,7.01702513807214,6.84941643881732,6.79041735081678,7.14967927138823,4.79032242163132,5.73741819775989,5.38158187027358,7.63301434276379,7.2523718615914,13.9758988816464,15.8595135738239,8.38712722660171,3.96847828752844,12.3356160098961,8.07460829226415,3.59533356862826,2020
"93",37727,"AKDE","plan",1.62553760343178,2.74398182537657,14.5070104531379,3.24338083143069,12.9696083051976,5.81801581890868,13.9349560761078,8.52067276810099,18.4966539491956,4.4633599901436,16.1273411454357,33.5203006337299,2.69700176819429,3.35942958237813,15.0470547439244,14.473103483657,10.3616222233903,15.5069055997525,14.2499121996541,11.5182474018948,10.3462803378863,19.6176788178083,3.96699812806423,12.1379644680485,NA,NA,2020
"94",37727,"AKDE","surf",1.8200227838703,3.05181856628017,16.1304603492155,3.65194567973671,14.430695222809,6.50581690640628,15.4455347631282,9.43061755215335,20.5395279735082,4.97147428659473,17.9119628978053,37.2683730550845,3.07477413627082,3.81966758201547,16.7138700195905,16.2107308646024,11.6216063767127,17.3724693017726,15.7511263265006,12.7052271880517,11.517734952686,21.8361703706252,4.35480735944906,13.5374729551073,NA,NA,2020
"95",37727,"BBMM","plan",1.30006514058093,3.19052459007025,6.07260903909583,1.9532658806543,7.57761712717943,5.38289552932187,8.08101729034867,4.15108467413398,2.53435027590616,2.58614227899737,6.98108475771985,6.60837231236119,2.34230495405244,2.83201544726708,6.99999741777472,3.82551075961707,5.74723892153304,4.64227411397993,3.11207154290635,5.36122380691914,4.57874622979509,9.53305772703491,3.53717366651883,5.99559035506526,NA,NA,2020
"96",37727,"BBMM","surf",1.45474412899924,3.55062316482241,6.7788651105258,2.23747708359803,8.4939963107415,6.01340826346632,8.99538392285817,4.59950092017652,2.86738894000102,2.899206434932,7.78706087373578,7.35908577505545,2.68702391001301,3.22796832947783,7.90037783666682,4.35445459202581,6.52293472175605,5.28004111064438,3.45380850931457,5.90629720946228,5.13097049028358,10.7125315214599,3.88041977064451,6.75941300624659,NA,NA,2020
"97",45469,"AKDE","plan",7.86852768678133,67.8656703016979,2.82075803596022,2.34926311047398,1.80251896101902,3.40045825915006,12.1629655529084,2.71570273362725,3.55114003063667,14.330317904528,5.08913974724658,3.99837042199712,27.8324540494577,37.5443094219016,5.78626213228743,1.7597684637878,11.0399588917638,1.92996059672613,1.75744690816958,1.26401280111101,1.21141756999854,8.52221756978204,4.82793922805342,1.80422677576248,7.39703337970552,14.9760647802071,2021
"98",45469,"AKDE","surf",8.67863068674724,0.718713469045784,3.06405397348197,2.56581653494958,1.95367064804441,3.70151663680551,13.4634595350787,3.02757813272215,4.0048545468979,16.0145214193203,5.73047503921828,4.49766981891566,31.0880639921867,42.0071995687656,6.42707171472103,1.96857303340995,12.2496208391665,2.09682088870634,1.89283433069524,1.35847609392045,1.3057404835504,9.46055881587975,5.28908176554753,1.93661164859211,8.12946566148033,16.5998713965957,2021
"99",45469,"BBMM","plan",2.28581044535675,0.624356728315582,3.75876447184072,1.6446496312077,3.24035561006273,7.19908805608321,7.8672183938937,3.70051278761636,3.21563549314306,11.4149835289064,3.84916045550996,3.56836896906156,7.28310916123188,5.79728608715289,4.12241706305631,0.728980159293943,2.56807054878834,2.64618116240879,1.42597806107127,2.42053803934785,1.1937870500934,1.577624753809,2.6854341000559,1.89736411276209,2.84019286820681,3.06988142225354,2021
"100",45469,"BBMM","surf",2.47690172631233,0.661521532172335,4.12505390534301,1.80261320300336,3.55049371932956,7.92460749501683,8.70568791303051,4.13694557424368,3.6273647008605,12.7353881822844,4.33833477647811,4.01982096290045,8.07931713212886,6.41128769574607,4.55459130701012,0.821113616845635,2.83736991664518,2.91022788396358,1.52819404362613,2.65522290698765,1.29577405059387,1.70693337602726,2.91555402569983,2.04414703017968,3.09822621140887,3.3411084627387,2021
"101",45470,"AKDE","plan",108.337168626733,23.7442991210105,14.3650513544752,7.71928948596941,7.7967433376291,49.8482885749105,18.7477129359308,26.1597335584817,9.0285233899554,19.2073043458177,2.85289478844973,26.0412120360484,20.6906354839743,2.80726669620339,10.1748008129103,9.71239137571964,18.1967636450654,6.16213019428589,38.6083743424087,35.3645768030283,22.4706669946778,62.559506467968,14.3494256630325,25.1703602889935,11.6031989237368,32.7550663311139,2021
"102",45470,"AKDE","surf",120.138445204041,26.5196040894464,16.1028180363283,8.4846057546687,8.51097774873285,55.3955485868209,20.6643643351689,28.8021473764499,9.88219703868342,21.1251755687718,3.15288254836914,28.750679359673,22.7627271165665,3.10861507272937,11.1478085481666,10.6631097100657,20.0127152331558,6.79666490427802,42.7698750531671,39.0598474250901,24.6582383360986,69.211750637763,15.7546705522262,27.7310761954368,12.764530677255,36.3346074165322,2021
"103",45470,"BBMM","plan",7.77085375364073,4.25595826394552,8.62421099796988,4.31873721095094,6.75716960956413,6.29954133589601,5.67854161066542,6.5612956643363,4.73888747349657,3.76534506620669,2.97233529155292,5.1291640726767,4.58564449579208,1.75068994136707,4.84744105791916,3.21883498335458,3.14244093328555,3.96233588984421,11.9139001313958,10.2738960434447,6.41526786057403,8.45221757687211,5.00367464773074,5.70790247188963,4.33875515894562,7.05131994620085,2021
"104",45470,"BBMM","surf",8.59943664576149,4.79326496750905,9.70009457083344,4.76363098396903,7.38938549219367,7.08606215206412,6.30436505907068,7.22568268462474,5.15310306912561,4.09277291732287,3.29477796332399,5.65127902514193,5.00459766767367,1.94430334270318,5.2817205712286,3.54971571868933,3.46208797319053,4.39413282771851,13.2229186757353,11.3364241790632,7.03550430504913,9.28592456671597,5.4619378922072,6.24769838799519,4.74652911718837,7.85974087757744,2021
"105",45492,"AKDE","plan",6.8785386188912,35.9683687991298,50.5980622909039,13.5870407476626,10.4711380241737,13.522182235646,10.98999344169,11.3242632640061,5.16897115530444,13.0047693588471,56.5436090783721,42.6618048670583,74.0099839937892,3.97663460127162,2.2039729947205,3.24568087865024,42.3744896627238,2.44190447582822,12.6612221063182,14.7734317524468,18.4782020034403,9.99622851833518,3.3416146263755,16.6046720516069,5.75804222319417,9.8998396655796,2021
"106",45492,"AKDE","surf",7.62757584632931,39.9890328745219,56.352917884103,15.0990136914688,11.7540594415864,15.08583915474,12.2364728475586,12.537374584868,5.67020905879218,14.3262112074841,62.7595925199718,47.3554188496486,82.3078527333119,4.41772586560586,2.4420233763509,3.58514954703018,47.0668826465692,2.75985438798295,14.075155243867,16.4177376111024,20.436654280436,11.0988885949644,3.68307416389354,18.3545604598987,6.38346319158618,11.0209303352041,2021
"107",45492,"BBMM","plan",4.50229545241007,9.63727814326176,7.66679939427368,3.53830739129119,2.56025950535515,5.21485468678341,2.95798910515951,2.81070655333175,1.62646517493981,3.54978794366601,9.77684743674022,5.71260262618422,3.51919650128149,2.45816480789912,1.77202962736584,2.63718141159707,5.50306954591186,1.15978268362283,6.0246030031628,5.75519362788814,8.59668504910532,10.2928857524212,2.0333039845518,8.1507395283601,3.31753253839587,4.10983052479578,2021
"108",45492,"BBMM","surf",4.98035474390873,10.6992447646869,8.49234493143962,3.95027155354215,2.87479047471921,5.83363201104447,3.33421504824242,3.14884860086958,1.79958910146318,3.88090067651752,10.8273138840911,6.3547399443079,3.91091388050551,2.74159428324088,1.96152934648854,2.92058008312798,6.09680754760144,1.31729109277603,6.67112998528883,6.39234258547943,9.50713592821855,11.4281292435229,2.25789992146449,8.98967362317481,3.68541337785207,4.56692226673915,2021
"109",45493,"AKDE","plan",30.2413348985435,21.0209609403604,7.97523403857488,9.13697809159381,9.82965271144005,9.15705277318071,7.95338430574307,5.38889260221464,2.89292179133579,10.9386459428099,6.84897418611058,3.95846437009792,18.0263537649973,1.80350844015224,12.2576161072693,40.8044725844551,1.82877507359904,14.3534184016052,23.8922160040776,11.2840767312698,18.5129035925253,5.36668733349397,6.82467290272777,7.24952183786642,13.1965434522602,15.3400127302042,2021
"110",45493,"AKDE","surf",33.893230160966,23.3351324231563,8.81496048076989,10.0795948835718,10.7220764906331,9.98906112032256,8.50426767254633,5.89023100268348,3.14135642370935,11.8551935015631,7.39040160410528,4.27766870070979,19.5769709271781,1.92918543977471,13.2945302033122,44.8985622260895,2.07239372427267,15.9884145446913,26.7605572485217,12.4747517146107,20.0817339097335,5.77073014357462,7.30265164449702,7.80193137755772,14.0106696429875,16.3681497540716,2021
"111",45493,"BBMM","plan",15.0730821297436,12.078818491931,7.24594428009548,9.04158798873386,6.79344636228333,7.30950250302442,7.68921878958932,3.91021838968433,3.91062562584812,8.60585040811555,2.97991663839848,1.42714284950707,9.23850817486944,2.18216528931094,7.84535037919814,8.24302357189786,1.8329439337911,10.6379219377546,8.17316655329617,9.71722374503185,12.0312532611748,8.13568773259102,10.3188315368237,7.45650818805884,9.73166488777405,14.1754055979031,2021
"112",45493,"BBMM","surf",16.9403768162839,13.3519124832763,8.03540345948873,10.0305001002751,7.35907282640578,7.93301446156226,8.30858663909801,4.29138024367227,4.26754522617067,9.35657190496871,3.22886310971733,1.52958838953918,10.0000283316952,2.3496179224789,8.54320580015492,9.0931052037673,2.08546185395216,11.8650453231038,9.18728181586224,10.751981106331,13.1053858968079,8.73626548137011,11.0986054482839,8.05258087313584,10.3616278676625,15.1876503268215,2021
"113",45494,"AKDE","plan",23.7530561046167,21.4140674964562,4.24899451152298,16.3911721963278,41.5568605910438,8.09994732094001,6.3747870776974,10.1079513505121,2.29821135703384,9.03783425279229,2.65700214069681,8.10299213231773,13.9805116352545,5.79017390548862,11.3579068379833,33.4680418790247,6.56894791337765,5.39217049295251,30.5571279500621,1.61870053459496,3.98018368304318,4.45014273273296,6.02135308472628,5.62767856221282,21.3047892250522,13.419389973022,2021
"114",45494,"AKDE","surf",26.7289888424173,23.8672434443012,4.69383202534184,18.1488546745055,45.2018843598146,8.79490699054646,6.8520126156785,10.8677571223186,2.47985783324552,9.74325858126389,2.82441865569022,8.73801228583266,15.05998029649,6.27843621146555,12.2515700931184,37.1272962801008,7.46106445036939,6.11063120920147,34.0776475877948,1.8190005031445,4.38505927073153,4.77316251405535,6.50758223421376,5.99753746361083,22.7723465812874,14.3346070726081,2021
"115",45494,"BBMM","plan",8.48493371844182,5.11339511912858,5.03002249660271,13.2445427178032,6.14974586965744,7.42160024623841,6.43508870630014,5.26609834651566,2.18539405627982,4.96586026453777,1.48745170478024,4.70552513255113,5.03175452989758,4.12666165798378,7.34879757363759,16.6188494608313,3.18470022378745,3.04378514100067,12.5812150723068,8.439808534172,7.17278425999252,8.34840669292685,8.65867139584017,7.89703135863318,10.9709431207044,8.60046522272061,2021
"116",45494,"BBMM","surf",9.50782922236174,5.66743191354628,5.56970819630248,14.621988706782,6.69597055090801,8.09187400705452,6.94518557762479,5.73613566462989,2.36079011308052,5.31436898863403,1.57545725113894,5.07540874932064,5.46026679399632,4.48845852796815,8.02385602333688,18.6825250251466,3.62604335417333,3.43890674984,14.2169719613914,9.45216802433766,7.85366309106336,8.95284255146935,9.32168103855813,8.40578697165122,11.655024727545,9.19222897336382,2021
"117",45496,"AKDE","plan",33.8070534233493,17.8941615722336,4.49447252832678,12.4153146715337,7.57582323187046,6.58219944263464,7.3216600889792,6.38360152506207,1.63539077350814,9.03803987565223,6.43140167131263,9.86841511935077,11.4507254164288,6.60416470243233,35.7605104977397,21.8567629335931,16.2071480449414,4.69627647719263,10.2340756891268,24.254952760999,14.2617385978794,14.9549292549091,10.3851961076673,5.04269624609543,6.98609876041819,15.535669829885,2021
"118",45496,"AKDE","surf",37.8840437165533,19.7812655111236,4.98569876144435,13.7824306743999,8.26008951113493,7.16320225964846,7.96654169448936,6.99597947817689,1.74229654650737,9.86609448001281,6.95589904175584,10.8317376892162,12.5548091861479,7.1749793936798,40.0754362928929,24.5255121601486,18.0513928700144,5.24751803476045,11.4803905646685,27.0474086910649,15.6900748107557,16.0132771354286,11.1164174499151,5.37307065764009,7.44108178506083,16.6108206051872,2021
"119",45496,"BBMM","plan",15.4101412770771,11.9658769783463,5.12736217884171,11.4742869781621,6.20169216894325,4.19562479733011,6.07676055645076,7.37125139895877,1.65322011790415,3.54337104350956,3.80655975729901,4.36674891821683,8.31503350814019,3.18993804739069,4.49803799951989,11.4450028533849,8.11747117459385,3.38956538572753,6.12516961695114,15.9749811911524,10.7273382158491,13.2257823928984,12.7752916528701,7.96702091755866,6.70380782224869,7.77424975922089,2021
"120",45496,"BBMM","surf",17.3285089710247,13.2243131072423,5.70036015908448,12.7631269039994,6.76798069766165,4.51450506884345,6.5798936757007,8.10346730058073,1.76801962913099,3.7776202960694,4.09036667085064,4.74389608810308,9.04808322791003,3.42034680695562,5.02402877417354,12.9233332389549,9.11931123562268,3.80209236551872,6.92852337904301,17.7834947888311,11.7469154138346,14.2153671472728,13.6788520059321,8.47529410459812,7.17275482442596,8.31194261190124,2021
"121",45497,"AKDE","plan",34.8643992458841,25.5478902369908,11.3872109552515,15.7200713500234,6.37945960261451,6.56557692318169,9.66106424698743,9.21610583805975,7.18286692920453,6.13351367606437,5.10516259591633,2.56893165506012,4.53978972000885,8.76336643511665,6.50507376294509,17.6977196779533,7.88130497795856,6.32622974068435,98.4195302959456,7.36578521070741,19.5821159970634,15.5910336576229,4.60250497214952,15.564508317674,20.5078202339121,10.3968936375023,2021
"122",45497,"AKDE","surf",39.0899364252515,28.4753348619124,12.7128763962946,17.3441611285565,6.90122541417223,7.17351144296374,10.5246913757028,10.0296692007732,7.72962161961837,6.60397737559203,5.43632441983674,2.72587832920568,4.86158682044403,9.51982883211384,6.99824506839756,19.5884492439051,8.84042031621182,7.05896701204161,109.291966824495,8.06962886352074,21.5970235614596,16.6590778813644,4.90585106328066,17.1668704770979,22.1752896041109,11.0892608287511,2021
"123",45497,"BBMM","plan",18.7122605701555,8.34586325273628,7.22346419716547,6.43245444478964,5.36739359438129,4.47016356795165,6.48421135413029,7.18112183134856,5.94911742211201,4.16780037252114,3.56475595074861,2.45466780980277,3.10595904033993,3.19345524033047,3.18059548761101,5.22918134120253,3.40554620529294,3.48085787127257,26.5504738050039,6.82130151302884,14.9900144430776,11.0854557794918,8.30984936130086,5.94863286710479,8.13529080948046,9.28522857384631,2021
"124",45497,"BBMM","surf",21.0372159017228,9.26448216314895,8.10028161287241,6.98096631704338,5.84902019497534,4.81424701654197,6.98462654688842,7.75800457031222,6.35993610576674,4.46566392159006,3.79168294088255,2.60695787270308,3.2876096065672,3.41732018106397,3.37070446314109,5.74497045819618,3.82429898820538,3.91226966718258,29.5555884265717,7.46784892912838,16.4435549979265,11.8637572238845,8.84405089514103,6.50321369495459,8.76912907737619,9.92795749571193,2021
"125",45498,"AKDE","plan",9.38855516272837,19.074123749424,5.01395133679573,3.28339677406674,6.22936709490368,6.27786542212027,5.70974487786808,2.96745627518089,3.22436525719822,9.11913601200036,1.70836701472637,14.8790492290234,43.301900523249,3.0248817043383,4.53182542258569,2.2423983729553,2.49005714952765,7.07418425896201,89.8920032829143,5.9405096709367,3.4164744032428,10.3107571270706,3.71995879258927,3.43460179836781,45.3241148554514,5.22305450371583,2021
"126",45498,"AKDE","surf",10.2782309523928,20.9623353152419,5.46266430764236,3.46712596560048,6.69278038229198,6.73566369465224,6.13373297964583,3.14277932818885,3.46816806249407,9.92096588098511,1.81044279124776,0.15653055299137,0.453900554571141,3.19287931919494,4.8642465920199,2.38094268299257,2.66287469754514,7.84282810406736,0.999635790224712,6.47661436741779,3.63482726356122,11.2749317546498,4.01134214753932,3.68619435063869,0.480036492797354,5.69255659545808,2021
"127",45498,"BBMM","plan",7.52720600382305,2.35055474322238,2.97949366489029,1.68616251957963,2.91420882965237,4.72126035331499,3.60241159201936,3.6753704691462,1.72256844283601,3.65255944317345,1.26749883826293,0.153751855440211,0.252973469739783,1.4410695518233,0.605963533838872,0.931489334733475,0.94348535849462,2.06264120749003,1.15780184266523,5.52690048918546,2.9504112282455,1.86352105809616,2.1305922675006,1.2702066851328,0.487042632511697,2.77601797605103,2021
"128",45498,"BBMM","surf",8.23091037056155,2.62369948968386,3.23600133306881,1.77574849092255,3.10187886900163,5.02005237924222,3.82678129955381,3.94037360762062,1.82803774856218,3.87431139598442,1.34483927150532,0.161495824314921,0.267045287136239,1.5023309063638,0.63419083363314,0.975155486631857,1.00064384597143,2.30432782210916,1.29105432156694,6.03388972168131,3.13930736783224,1.97425497381258,2.28856645534399,1.35392393728026,0.521276210951045,3.05475738896572,2021
"129",45499,"AKDE","plan",12.2876406666039,30.2783594587748,9.52646570108359,8.44855784994123,3.13650718320202,12.5174617038076,53.9041442833792,3.18413600871778,5.57174276642467,5.54308678336548,4.33428473811575,13.2413896608346,7.03700002160614,19.9133133170702,32.0613055058841,2.03167812341033,12.049121066391,NA,NA,NA,NA,NA,NA,NA,NA,NA,2021
"130",45499,"AKDE","surf",13.7943811274686,33.9438643753914,10.6524928925791,9.49034382453129,3.52144487985407,14.0536373978258,60.3473147126143,3.55084840321946,6.27328187676235,6.24986642411488,4.87475860603279,14.748907386216,7.75770153650269,22.1918935652127,35.7619744168378,2.24642928348143,13.4118033990197,NA,NA,NA,NA,NA,NA,NA,NA,NA,2021
"131",45499,"BBMM","plan",5.87988305761469,2.98746524226305,4.45382683949898,7.05878944270989,3.10866222936097,3.83090914486318,10.2936224527938,3.19804054301952,2.96673535926234,3.37332440362699,3.2826247432104,3.35588140673472,6.06887011391875,4.49246103414478,6.26446652737703,1.77163770975915,1.74319679121891,NA,NA,NA,NA,NA,NA,NA,NA,NA,2021
"132",45499,"BBMM","surf",6.62035045689114,3.400074220843,5.01320844533914,7.93570194801736,3.51074984499402,4.31165988481238,11.5830580594786,3.59099272428857,3.35497389874261,3.81358558055072,3.69615115878995,3.73570660169738,6.67707820423953,4.9923756450723,6.94944203412868,1.96357598360568,1.9393600091062,NA,NA,NA,NA,NA,NA,NA,NA,NA,2021
"133",45500,"AKDE","plan",NA,NA,52.4125962733774,NA,3.90029538583434,9.52974938097942,11.263784258845,28.7767187387356,17.4566298702684,2.04002840126733,2.35784959560354,5.43405786309865,3.55200224730055,8.18961632843295,9.55688560796226,16.2104564274389,23.9691830629183,5.11858887558049,3.89209641830895,3.28498577807769,52.8840476187368,4.48286082256069,9.82436190071109,191.827180824462,3.56349243598326,NA,2021
"134",45500,"AKDE","surf",NA,NA,58.7002805557898,NA,4.3401893049163,10.6074792424761,12.5338213841804,32.1323054816423,19.4747801900598,2.28790022283051,2.6484754300186,6.05836470097913,3.96553290810207,9.10174833937898,10.6256582913976,0.176981794422804,0.263502435327031,5.68019591862184,4.31893583957972,3.66110393845443,59.1660101670614,4.99855201548607,10.9571730066994,214.195504838928,3.97013941159602,NA,2021
"135",45500,"BBMM","plan",NA,NA,4.42589414334326,NA,2.8754005038316,3.26494262426909,6.81938921568888,4.69274204158254,3.79490095709966,1.61824554329017,0.373538564302202,1.26212850171552,2.42688131196696,2.39212528768412,1.15942305387921,0.170546299617881,0.322211570772307,0.937494832384037,2.04986499484134,2.18737894376615,25.3771614683395,2.3832497904967,5.13086329669897,14.7087793299429,2.44962025038939,NA,2021
"136",45500,"BBMM","surf",NA,NA,4.97835889782783,NA,3.20907488760643,3.65317658832865,7.58445668033456,5.27988994391237,4.21791740300904,1.8193954759857,0.421168885866398,1.4210966492671,2.72017219552894,2.68712658977445,1.28706342931572,0.187097730686092,0.356957984554828,1.06003684652146,2.27637428387848,2.44751340757907,28.5501097786802,2.6733388041152,5.71812435115795,16.6705036371548,2.72831337101865,NA,2021
"137",45501,"AKDE","plan",5.62623680655126,26.3844963027846,43.2860172804547,24.0774857817921,26.467049199115,12.281448506393,3.39167186947775,6.38839491267102,45.1187504036245,2.18738560841134,5.46195903438608,9.12617047526603,8.57765357357614,28.1409826399497,89.0237813184597,6.88115208516687,6.10790913655785,7.3559400128844,35.4178082037276,29.1018579325015,12.8658705176305,6.44131970206906,2.43585383098314,22.5100342600179,106.879381927342,48.5340260073278,2021
"138",45501,"AKDE","surf",6.3417120847317,29.714083416192,48.7458211221988,27.1544068249255,29.5232593884155,13.7530987096742,3.83114651225878,7.12600279355161,50.4234447655221,2.3807946538995,5.89877631920448,10.0662303490325,9.33934821963721,31.3817017042471,99.6083666292324,7.6303961687788,6.91115386428922,8.25657095588519,39.9448978332092,32.8046462191837,14.4517548938956,7.16738492946801,2.69014864719898,25.0047734310844,119.528150559304,54.3572192368924,2021
"139",45501,"BBMM","plan",3.65531537803355,6.93828494210204,16.8785856436896,7.18511260488987,15.6884316328081,7.58223520346837,3.0229691953199,4.32596911893721,4.85125496204243,1.17697052943108,4.30492592379315,3.1782118158025,7.26104952329085,5.19539495483808,8.8244449895703,6.36822178509393,3.65911846581288,5.80983748254088,8.85695166463053,9.10772454353268,11.8501484213051,5.91576487021138,2.23018689218274,4.55575961631754,21.5498558446411,23.5104280146827,2021
"140",45501,"BBMM","surf",4.12154432194195,7.86175893086446,19.0618439513015,8.13813334842956,17.572764940781,8.52557525004374,3.41219084795469,4.84091381829424,5.55493455703079,1.2875326528048,4.64130587970724,3.45737536041163,7.90467414873176,5.71458743130231,9.97017838134584,7.07402651170244,4.15400261509861,6.54406736387058,10.0236124939113,10.3472185321911,13.3332829240452,6.61564574395239,2.46173203826423,5.06407439599377,24.3967244881408,26.572070814749,2021
"141",45502,"AKDE","plan",11.1944708401825,2.46300263648913,33.9863817830131,3.42658919535647,7.63740284497483,31.0847891904486,2.0717844209993,32.9136868395754,21.2989854300348,7.06826168039631,19.6157921883768,17.5495007929578,NA,NA,NA,5.39328709457422,NA,NA,NA,NA,NA,NA,NA,NA,NA,NA,2021
"142",45502,"AKDE","surf",12.7084342476208,2.78090673750334,38.2832693266412,3.81086832890739,8.54666875750956,34.9199922867449,2.33744091924605,37.0614131184627,23.9210712069601,7.93770421499137,22.0187585082382,19.7253217644386,NA,NA,NA,6.01328253725212,NA,NA,NA,NA,NA,NA,NA,NA,NA,NA,2021
"143",45502,"BBMM","plan",0.991264238017979,1.56291429100516,8.68862736035057,3.05104574203484,6.75683684552626,9.73198470524936,2.0760959842274,11.6276006975767,3.42188423270266,2.10288297652687,8.11035611468734,5.95414786390299,NA,NA,NA,4.68255174679775,NA,NA,NA,NA,NA,NA,NA,NA,NA,NA,2021
"144",45502,"BBMM","surf",1.14851057160409,1.77885636790092,9.74415638030726,3.39885045740969,7.57546319243823,10.928073939329,2.34500215818317,13.0706355775269,3.86830010102153,2.39765732973974,9.09428204145474,6.6950925987975,NA,NA,NA,5.23082545198338,NA,NA,NA,NA,NA,NA,NA,NA,NA,NA,2021
"145",45503,"AKDE","plan",86.7172978696203,NA,NA,NA,NA,NA,NA,NA,NA,NA,NA,NA,NA,NA,NA,NA,NA,NA,NA,NA,NA,NA,NA,NA,NA,NA,2021
"146",45503,"AKDE","surf",0.934659142520358,NA,NA,NA,NA,NA,NA,NA,NA,NA,NA,NA,NA,NA,NA,NA,NA,NA,NA,NA,NA,NA,NA,NA,NA,NA,2021
"147",45503,"BBMM","plan",0.483978128845437,NA,NA,NA,NA,NA,NA,NA,NA,NA,NA,NA,NA,NA,NA,NA,NA,NA,NA,NA,NA,NA,NA,NA,NA,NA,2021
"148",45503,"BBMM","surf",0.518649888099863,NA,NA,NA,NA,NA,NA,NA,NA,NA,NA,NA,NA,NA,NA,NA,NA,NA,NA,NA,NA,NA,NA,NA,NA,NA,2021
"149",45504,"AKDE","plan",7.98979115516286,1.66054480358979,24.7238754868854,7.81702504306629,15.72586076912,16.1150441230695,14.8944835743505,5.88255734904507,26.4804391123272,6.81844962374017,18.3703836961399,2.86645906234253,8.71303572514179,5.19555207046316,2.29966023421735,4.70344111024264,6.1418886042997,6.00046722143247,15.6948651726935,88.7284937891866,4.64665264313454,38.8499651103131,26.3651682822599,52.0917048874555,4.2170184104619,7.19363764674581,2021
"150",45504,"AKDE","surf",9.10287337996327,1.88090032260657,27.862551209743,8.73120546882607,17.6597881442845,18.0871815609368,16.7087965813196,6.5951680706615,29.7004540767433,7.66896126890937,20.5905352110364,3.21653857144257,9.77100037404068,5.83542587031632,2.57348403035867,5.24296635701439,6.89719608115925,6.74844893032924,17.6190757384233,100.018821346196,5.28333415781905,43.743485642975,29.7161307951427,58.7267803165827,4.79067417459975,8.17984489101404,2021
"151",45504,"BBMM","plan",2.65827967066096,1.22815648269301,13.2793410371441,5.44099450967539,11.7302507459037,7.24059469171553,10.1083328846861,3.73596099977919,5.02050838562348,2.76688986924217,6.02044331958334,1.77243316741104,4.39317579537887,2.40286483535798,2.07876587954654,4.28071489334681,1.85492211805701,2.0559201488177,7.04620129340358,6.51809902525046,2.40863031654048,6.33841153388239,7.85168215063889,13.7404020064382,1.91508231005007,2.91613243320016,2021
"152",45504,"BBMM","surf",3.0429013687624,1.40272240895253,14.9916459843809,6.06763033755124,13.1654610350442,8.12025247681341,11.3768108796833,4.2418930670687,5.66267886696778,3.11195723540671,6.78333772225631,2.00693650397909,4.97693077824767,2.72718548173691,2.3218864018518,4.77838304291048,2.08623105534022,2.32675536521247,7.94112353369201,7.44814560382497,2.73785653702742,7.23206407228556,8.9717941759564,15.6298617459065,2.17712579701763,3.29787020111647,2021
"153",45505,"AKDE","plan",26.2407619785601,17.2742947122979,19.9821550037813,21.0230963875763,18.7830982296852,21.5816940034699,14.1020362499245,21.260906904744,12.2447688181427,5.78233765941456,4.51559679668124,4.34358376289942,1.80924410238838,2.57383896968741,16.4849694916679,7.80703769177283,8.06735465435194,4.84713264438899,37.0844067461472,17.3875286083709,24.9926050436385,47.5600303733291,20.6114545476147,9.88203037033932,9.08598724935635,11.6075848733092,2021
"154",45505,"AKDE","surf",29.500892994645,19.3780877395143,22.2652173803369,23.3909482391136,20.9645085824742,24.1104253096408,15.7495687037866,23.708814746552,13.6646442471417,6.47765964788996,5.06349858906737,4.86633826925763,2.02892786885073,2.87647814564755,18.4131876086589,8.71619554059629,9.0090831407648,5.37327089899962,41.6289125401325,19.5342234084767,27.9426568665912,53.0670154539796,23.1601364760139,11.0246254392044,10.1241608575193,12.9224848883276,2021
"155",45505,"BBMM","plan",6.65733700335798,4.51050951366603,6.79098437725926,7.13441613273533,4.4592749609488,4.52953201983609,5.85184707024351,9.77601295853961,2.14316133305971,5.19102737935834,3.11174768029173,4.09445569264832,2.11740087868105,2.6654628701683,5.64894054915502,3.91518575885764,6.59041811762941,3.27414471316982,14.3125230138289,5.78553186459207,9.41602721486147,18.4109251071162,6.96100164239789,3.67613950834428,4.60718518655626,4.74825572572212,2021
"156",45505,"BBMM","surf",7.55617066826648,5.09871974344318,7.60142669595358,7.96880529269057,4.96266505624073,5.08609353891343,6.54523835198841,10.9347245507111,2.39476359072898,5.8499829215088,3.50186759833527,4.60057288632821,2.38220564029321,3.00097476278358,6.32009277820343,4.39040804126394,7.38375176915747,3.63260727817002,16.1393246802658,6.51128831178978,10.5212896934333,20.6229479103417,7.82894615083958,4.13702934878513,5.12574302980416,5.29107786438615,2021
"157",45506,"AKDE","plan",24.5533290219309,18.8706542178823,4.64192624985107,3.26537886662032,99.4393562343082,3.95699553613194,5.64539803598003,19.7840052873413,32.6568594767094,12.4971899847676,3.66629305157923,5.61187558730392,4.651992716345,7.63594111255124,29.2112241489578,8.85321784086166,7.34461251646303,13.8744806749423,6.11472271634485,15.8051339514477,26.335253632627,3.72074590013825,15.3415150074823,5.25583645764226,53.4153571266758,9.21744138775936,2021
"158",45506,"AKDE","surf",27.7106789741359,21.3174816338534,5.21333518040879,3.6423262538702,1.09154012428039,4.43533433016041,6.33959376277124,22.3260957015023,36.9430431392205,14.0457279486928,4.14279508409217,6.29687700003711,5.21927986193316,8.55123305286594,0.331165264437553,0.100001205551998,8.38385550708978,15.820964760667,6.89438167499561,17.8241110088146,29.5016647742986,4.12954921626042,17.2846130723963,5.85097546878998,60.0174485467384,10.4213020894457,2021
"159",45506,"BBMM","plan",2.43256157411524,4.00904884929189,1.7192441254647,2.47955613148955,2.01574752792222,2.11608199942343,3.40333624062565,5.58939663183883,5.81472396884311,2.730837683501,0.765004824349419,3.61350528560866,1.48675899968059,1.37424722612428,0.157786389622255,0.130010226622427,3.62306147756059,2.95449429565594,1.04477229580375,4.98810636389921,8.14666540417073,3.0192116290454,5.61323577386137,3.44037832738665,15.2871142621885,3.13023495120952,2021
"160",45506,"BBMM","surf",2.74552215539376,4.52531714036662,1.91426423759074,2.7689759559967,2.23355882118563,2.37343136066583,3.82831130797763,6.38786004024105,6.66522630702953,3.10808739422669,0.874466013256485,4.04369787714499,1.68488570264235,1.5731698677325,0.181045846386421,0.1485157426842,4.15509117997005,3.38468291454279,1.18641776836708,5.68798062125191,9.11664305161785,3.35988997383648,6.35246265208366,3.830031345935,17.2930189306488,3.51257509145212,2021
"161",45507,"AKDE","plan",37.550287582618,21.1061934303278,19.4014593712029,4.36450696810658,7.32643336150864,15.5401827454797,19.0232752235846,14.2642383254905,4.64886616571712,2.07689009890932,2.2510027978734,10.2767680446838,4.17323680704205,3.32484784922728,3.32953605838363,4.67809729114678,15.7466670332402,5.13101908845612,11.5757817227215,11.8863157290903,4.68113217003399,5.74329254651364,3.29141329957351,11.5474576561145,5.56234280201548,9.70154107659907,2021
"162",45507,"AKDE","surf",41.9374756329168,23.5725017086206,21.545505908633,4.82742573361687,8.09483642826881,17.1400071741272,21.1991591512046,15.8071266796339,5.07255302345197,2.27623261150824,2.46436056765399,11.3533857842424,4.66318988132956,3.68309650232948,3.67316482460039,5.17808469808793,17.5256783277003,5.72616682653677,12.9006012434526,13.1171337497299,5.23281579626729,6.36394354679249,3.64501474071426,12.7297324509489,6.1643179575173,10.8096517611089,2021
"163",45507,"BBMM","plan",7.76356517710007,6.35888396658388,8.95686412162341,4.97028145637403,6.05415150470206,9.90511593437009,8.18819157443217,9.57255525219595,2.88099341324504,1.54850291278469,2.08651591179311,3.45921601194586,2.67367621585066,4.01921044167121,3.60676700781592,4.7518309992677,9.38633939040445,2.62086544725635,10.2587009853659,8.14450377953087,3.91533008676822,6.02228956339047,2.69740464270301,8.94952731695366,5.79978655922438,5.32008251132525,2021
"164",45507,"BBMM","surf",8.70874338073424,7.07369940367131,9.93132015672034,5.50150235437751,6.69802391564672,10.9340794338076,9.1103134850149,10.6269161564521,3.15002933315893,1.70207385962392,2.29134798924991,3.83879053476037,2.98578232437607,4.4682925810721,3.99346952687568,5.27705861881234,10.4564516130624,2.92110463853363,11.4279237743056,8.98357215884211,4.37695651074169,6.67827571578707,3.00193622114352,9.85876020867141,6.44103192652266,5.93797434379516,2021
"165",45508,"AKDE","plan",94.4916064672289,62.485026108123,20.673249421253,13.3561336217148,25.4920664378136,8.28438060887978,10.459375308063,10.1561411392877,10.4763526509905,13.5737385828562,22.956172242116,9.19261341381754,4.48653799411021,8.59382390548739,36.2441770118707,53.3710218306508,17.2397095319473,18.883502873031,8.38783787445432,9.46683462407693,18.4400384209021,71.6648141654865,35.92654765991,10.1020519869354,21.2164466235786,6.94476572913078,2021
"166",45508,"AKDE","surf",106.328205505983,70.1054378306952,23.0643646330023,14.9561736892974,28.6484667917318,9.22658350065139,11.6519268154778,11.3027697659677,11.7114429649802,15.1557242345881,25.5600531710555,10.2514010210717,4.98089522720084,9.55156356282015,40.3781401938686,59.8646059253935,19.3877708643606,21.3774267149209,9.47012166518271,10.6139284769585,20.6607866452704,80.0942666034423,40.2906644500221,11.255300875323,23.6959448046895,7.75267316534052,2021
"167",45508,"BBMM","plan",8.90227453161786,8.14359252997671,7.30333888677935,6.3168110558344,6.65293793130254,3.22702460613699,3.8692621418435,4.65041001604842,5.87508709285892,5.05229045530587,9.78528791373957,4.55884439183383,4.17732833542008,4.20416160331687,3.94414966982802,7.93043420560541,5.47349026123731,2.84913202664144,4.4538253182621,4.40196203584133,11.9382980618745,19.4417488903697,5.09479355505324,3.81292635018132,6.82947587966029,5.26923683684273,2021
"168",45508,"BBMM","surf",10.0760622436089,9.24612062857686,8.18326346890043,7.08117262023126,7.48375626396076,3.61074515408071,4.29829768830923,5.17587214093281,6.56612923997167,5.70749635161902,10.9177060956205,5.0937408338752,4.65141160504241,4.66312283996926,4.4173520613658,8.93228099273297,6.14044399192485,3.20151163723821,5.0013798068308,4.92472334256655,13.4096860732718,21.7931222839049,5.73170537357368,4.29176761502572,7.64166905974221,5.88803655710098,2021
"169",45510,"AKDE","plan",11.5864580619418,20.5521435036101,31.3850853614802,4.02486081429365,16.1257525803375,34.5255439605382,34.215967030067,27.6493074707553,11.4725851350124,21.6513132248149,8.55594190906342,10.7168986400938,2.78538662497542,10.0020197380426,13.5668883946932,13.5827443540508,39.2495669547781,19.4147085937408,31.4318900469977,18.0230528298479,40.0163682557544,13.7016802032518,3.51037237240635,9.59324367625718,5.2841178547442,9.30608637927748,2021
"170",45510,"AKDE","surf",12.8042631183607,22.887069162837,34.8926121691681,4.43189355880305,17.807628426061,38.1973242057786,37.7997670039225,30.4990181819075,12.6828156980988,23.8656673089901,9.44283740913851,11.8342591509946,3.04290541320453,11.0344199831677,14.9812719185651,15.0415589424194,43.4189439467651,21.4387767862316,34.707395834537,19.9104529960913,44.1329998285427,15.2067672048553,3.88519155751306,10.5538670335653,5.84501198227986,10.3367297010326,2021
"171",45510,"BBMM","plan",9.02904024270203,6.00948012679732,12.1481050145935,5.60937283972584,9.06422158889791,21.5882197715576,20.9115401211815,19.6737061078763,9.96575313334228,12.6513972815819,5.8740913207955,5.87179139260833,2.45201194048189,3.18701783276096,7.51210949654055,4.50264630283632,9.85243551756103,6.14559064037304,16.4258773470236,14.8252105370237,27.8894598812928,13.2380732322485,2.81746864020479,8.40510144032511,4.42744472197338,4.75346579243954,2021
"172",45510,"BBMM","surf",9.98087616581271,6.67554889746563,13.4543249176825,6.21137339270233,10.0329022931596,23.8282051710504,23.1442502518254,21.7247830569409,11.0326771029334,14.0033057889522,6.50181076439084,6.51779424048406,2.67839881136033,3.53296600918388,8.27923456334988,5.00925072809067,10.9028660047627,6.78293593099599,18.190566000501,16.3810521343257,30.8045012087604,14.6693943648695,3.12732877326947,9.2418945743241,4.91894568131611,5.30157545420424,2021
"173",45511,"AKDE","plan",47.191478023351,23.4049068601375,12.5569688118226,3.94301031735141,3.93184829208044,1.19698545901416,46.1648581473145,21.3495830506409,4.57725306433062,3.36066999696775,6.02785212519343,35.078310929303,21.5801099685326,10.1903802615834,19.3582760642202,4.90604649570915,8.06568104710912,1.53414734849999,16.5845735340746,7.98196174756787,5.05743322414768,5.5457583519014,3.56348727272719,14.788444881597,11.5592744098789,5.2523110329186,2021
"174",45511,"AKDE","surf",52.6139869620662,25.8259942129788,13.9031489399187,4.34276262902006,4.30807368015791,1.30478067601137,51.2083368150214,23.5329708522178,5.03522447636084,3.69003660974795,6.62870642103025,38.7454108844212,23.7845830959806,11.2293867913707,21.3834074000691,5.37434046165878,8.92578292402118,1.67421592378068,18.3803331128172,8.80581305520245,5.64369528524142,6.13008790207542,3.93587525471058,16.2790695330109,12.8161159743834,5.7752371662014,2021
"175",45511,"BBMM","plan",9.59677366945657,9.54534575520858,8.89007768981825,3.89796819173962,3.77765405520953,1.23020416874496,2.27316809163997,4.04416244219848,1.40760985249966,1.6681656237297,4.29242335922271,3.86727852792722,8.63927962357848,1.72139616262128,3.10696175120929,2.27657246239627,2.16770867731474,1.07262258504573,9.78454773093822,7.09224056468197,4.46900770861326,5.13393717761465,2.24096974840392,6.71177429261193,6.01870493061828,3.23080742200301,2021
"176",45511,"BBMM","surf",10.7293781293412,10.488991943612,9.84211811346225,4.30291377747754,4.14685469227461,1.34299241707543,2.52003040210187,4.44233039813372,1.52029200340774,1.82571907054919,4.7156114175019,4.27241697484139,9.52973723176138,1.90344915478222,3.42909196896699,2.51343576281297,2.39671822975717,1.16946664159534,10.8288657233196,7.82425455399966,4.99970316211405,5.67991776456593,2.47894646428938,7.39122676041462,6.68602868058521,3.55734273924033,2021
"177",46391,"AKDE","plan",13.5986275802192,1.15775706083457,4.59741297645008,9.74223704946182,20.6344602061408,15.5513118196838,8.81405340617245,9.83932018272657,2.21304289969777,3.87468567844859,5.0765027422765,10.4455122824352,8.52317200417279,12.3087000420536,10.9420233191572,7.04224925066903,18.3031423928786,10.1862098616102,16.9938536743387,6.2675564754358,19.7442626347011,17.0408295911432,10.9457626065837,6.45121727714882,11.3038505855439,19.804507782956,2021
"178",46391,"AKDE","surf",14.7507196896894,1.29419953722713,4.9936611373856,10.4076441140945,22.205150367002,17.1332944055126,9.56359833976342,10.7381349269534,2.3172522078007,4.10448558504687,5.45149776495195,11.4837793766972,9.23387660832085,13.5159577750005,11.9677812738412,7.78737941972998,20.4867918950588,11.3418828074488,18.9227446481672,6.88276916202721,21.6791916830839,18.2028709352029,11.7767146662283,6.91481357724262,12.2680047674153,21.2789003009718,2021
"179",46391,"BBMM","plan",6.90424472675051,1.04758552218147,3.89340999045473,5.15091035878363,11.8884164537205,10.4835741640535,6.46303927695093,3.04300884722292,1.49570745072195,3.28336907911953,2.83703900662376,4.08255182110478,6.38919816690219,4.94743438688022,3.94935516967502,5.09514430146705,9.24196231240249,2.98742301726592,12.4553622494922,7.29060696066298,11.5198291407229,16.8254138159711,8.45126638826564,9.79009175909494,5.03280386406626,9.30633668235241,2021
"180",46391,"BBMM","surf",7.46849744929946,1.17502599385253,4.22373422525401,5.50980845596856,12.715784210797,11.3745113646861,6.96111087979206,3.24311454430419,1.54997092850691,3.48027736202961,3.02511015499539,4.44600991148732,6.93127687023857,5.27982754688107,4.22783461644643,5.66802577136547,10.4138293232905,3.37580067232224,13.922189850305,8.04282629631496,12.5811845791513,18.0396967564048,9.17649282087501,10.506513299779,5.50590387574875,9.95377640148747,2021
"181",46392,"AKDE","plan",5.05562033433064,1.67177720725107,12.0275285497117,3.28874434607028,1.99061418897222,3.10372192386851,18.5546058377041,8.41579559129837,4.76580700115375,17.0257370171648,4.95131331881012,4.59963886189434,30.4955531988186,4.50084251624998,1.68786612329284,36.2977606540618,8.9522988231258,4.8286149768572,26.0258765547966,7.08314780416138,15.6776120762542,9.8818953533419,3.25703788160831,17.3887799475099,15.7549975953886,13.2261490711915,2021
"182",46392,"AKDE","surf",5.59589290432998,1.80533641437133,13.3159228432684,3.61815295146447,2.14890856874461,3.37977986886403,20.6281309913871,9.3147834798474,5.33832085070292,18.9949188230277,5.57286933007391,5.14443316650576,34.1270222268143,5.04661008261226,1.88866880165572,40.53894634381,9.9721575419329,5.42130611775679,29.2275815718852,7.9105710431366,17.5575733279859,11.0612913453191,3.60941222869037,19.4494401026959,17.6245735953384,14.808786739193,2021
"183",46392,"BBMM","plan",2.01110212291841,1.13182342591118,6.1585030112091,1.42951661916748,3.91591819643914,4.07976182346325,5.71797500075639,10.4607566088553,6.5043947629921,12.2744664973264,3.75697222560512,5.6098108385701,6.77244496460755,2.44680699314251,1.35107436401797,9.5820255196462,2.78207642671873,4.29339902165104,8.36790692557083,4.654079289018,6.59236294621519,7.40467431166277,2.97639285354589,7.66834303684715,6.05891737534897,6.02686823584466,2021
"184",46392,"BBMM","surf",2.20975408773597,1.21767177024413,6.77809750118512,1.56342703061444,4.29993284008576,4.47815906205199,6.22834241180758,11.6042355509201,7.30146064305451,13.7219779563242,4.23308638426894,6.25223058159684,7.52112370624698,2.73451785791126,1.51824531712541,10.6578826300601,3.2179964155682,4.83043890608583,9.4772222534769,5.19543724691452,7.41318623959154,8.30507789436518,3.30232800363707,8.64634726856674,6.80003246266792,6.77474620985213,2021
"185",46393,"AKDE","plan",105.113198631388,23.5471238314325,71.3647438731121,17.9397976810812,6.5643060869442,4.89785681900034,17.0938045820765,24.2836979122022,1.91509790108448,4.36923343876076,3.43599908340052,2.96377352092817,2.29130334179276,2.61896600326507,5.91735371172295,8.23092043858573,6.52422776830599,3.75995865605505,6.52631674272352,10.9151451088406,16.2667592889351,5.03246866096173,16.7107748774567,11.1171104783837,21.4174657019075,4.55505676202756,2021
"186",46393,"AKDE","surf",118.520803426966,26.5743952988188,79.7236670593441,20.0551656816501,7.3184174343544,5.49097425885496,19.0889282425248,27.1588367320532,2.15431789582231,4.90024516795556,3.85946540746726,3.31685024098475,2.57657215101045,2.94661398045716,6.63622328713305,9.29056163697523,7.40461981751604,4.24415552947905,7.37828138774258,12.2311040129576,18.1701038288014,5.57450522190028,18.8221961258621,12.4074985304078,23.9225928746089,5.07376594171077,2021
"187",46393,"BBMM","plan",6.20424967111731,3.89536628124245,8.41501821824866,6.51665701693316,5.51729787048213,2.60227799163237,11.2554675347879,9.71551338348507,1.81209646693487,3.71468862751276,3.35420305783182,3.49004927175288,1.42414121323654,2.87421133207686,4.46768733057917,4.15147765569169,2.9615459470816,3.65725725918122,4.23311651210934,7.21201974721893,7.33812597537941,3.34109611434665,10.0792232824274,3.11245357928231,6.40128456370672,3.89258555578258,2021
"188",46393,"BBMM","surf",6.99640447968202,4.38991859237462,9.50405791105844,7.2948672964101,6.16261993247702,2.93073880306871,12.579755510378,10.8913140204073,2.03383783308168,4.17593774974608,3.77260275561926,3.92190114825519,1.59343603163857,3.24888785735199,5.01431371593744,4.67776578189471,3.35329062286096,4.12694702375783,4.766136754358,8.08380574822741,8.18658654958249,3.71320083858766,11.3802027466016,3.50804999869376,7.15689346329199,4.34710373382385,2021
"189",46394,"AKDE","plan",26.3718406432679,14.5342226587088,20.9180745469241,24.2834943153251,7.36582624204324,36.0388058046275,22.3731863815786,27.6358650020751,7.17021740128198,4.47984125979903,5.69255428493435,4.34127263914943,3.3076656795549,2.56087069726475,10.0991170379935,4.0770474303081,8.6188831410761,2.78322958114094,37.0351407103107,26.9989016881729,29.4579634847727,48.530980500535,18.2658055099255,16.550129220629,7.87531376401669,12.7229560266706,2021
"190",46394,"AKDE","surf",29.6533825763189,16.278851877133,23.3035066131018,27.0657336715835,8.18847552222097,40.2740960751144,25.0074906003382,30.861006433581,8.04666252277066,4.98399274085696,6.39066328406829,4.8779056737081,3.72152684791697,2.87295542466894,11.2984857159308,4.52860260086249,9.63271260665011,3.08154087262442,41.5816071418659,30.3226868165461,32.9467535703164,54.2602244306511,20.4949249447468,18.4812784870535,8.77367602992182,14.1694549433031,2021
"191",46394,"BBMM","plan",6.83434977904598,5.66720777551184,6.80903189339341,6.84838890535482,4.44774189878904,5.53201466399532,7.89792428458668,9.0029261621029,1.80160335438953,3.80866829749149,3.12137796627661,3.21726326313691,2.4529651252786,1.83183343609733,3.79387593737926,2.87953932516282,8.63761195450969,2.13438787630512,16.8420042545915,7.54046966752205,9.62387904803571,18.8153973834671,6.77082816849441,2.88361471867052,5.13367648791204,6.75389642024024,2021
"192",46394,"BBMM","surf",7.75279676869633,6.38976785765523,7.61821670920025,7.65816328056741,4.9402591665306,6.22298633700233,8.82780804906462,10.1103666744204,2.04883880853026,4.24535061504705,3.50143642169356,3.60589843060364,2.76926413424863,2.05990914339532,4.28682712982614,3.18594577997656,9.67626030775593,2.35783785962542,18.8890902451632,8.47188225550489,10.7627660202068,21.0925554694723,7.62745035660287,3.23981411009236,5.71593005907557,7.52370373562437,2021
"193",46396,"AKDE","plan",1.41431018589584,3.43981244013783,35.1398520439692,11.4961741142242,56.6880029895867,46.7280060313851,96.6510808546626,5.16316490372019,6.18041411250716,8.17001539426911,7.66385118494778,3.35875267337161,40.766309642577,8.44209391834108,7.72703851649081,35.539977094845,83.2512159495478,4.86451734878688,25.9179030022798,17.4268121859145,56.7861443385749,9.81552006344952,40.3578040315704,15.706790205846,53.8926369427739,10.2836396214308,2021
"194",46396,"AKDE","surf",1.51543522501096,3.80369555915269,37.6488774981905,12.350534678126,60.7360593295805,50.6902681988254,104.600867922311,5.62097229194152,6.782303177214,9.01749246647785,8.38994255939224,3.68669494461004,43.9065498214267,9.22421206095567,8.45030133952655,38.748114806397,91.0403102560075,5.27328776910151,28.1561123298917,18.959896488028,61.3137347094584,10.5959703115689,43.2704514677872,17.007148792787,58.1286728104287,11.091675309887,2021
"195",46396,"BBMM","plan",1.66687378487097,0.556971377989082,8.66946857556074,4.99141753654835,7.3011093673863,5.66474539388956,8.54756657707878,3.16298264519841,2.40336398814055,1.21643456470961,1.68477733055005,1.93599493043056,17.4097345479396,4.11941593713016,4.4472170347424,11.2221469863227,13.830750749653,6.75968863369477,5.76834564291307,6.74845078004675,21.4080273021794,4.71411457220042,16.751426416999,6.83701593382467,11.2387596858427,3.44866147695938,2021
"196",46396,"BBMM","surf",1.78786917480667,0.598823204652566,9.55705585959011,5.41618899575661,7.92512266594287,6.16234103184629,9.12915575137572,3.42448903492118,2.59684938981419,1.34396158383938,1.83983177663652,2.11115095150153,18.9130164814276,4.46406978323242,4.85353434729493,12.4701054249945,15.3770324034421,7.32708591237699,6.17686566142322,7.43625865629696,23.2795392198444,5.1296253687733,18.2059210613506,7.41485791524912,11.9685772268414,3.74096393697378,2021
"197",46397,"AKDE","plan",14.9394837363322,28.1767378541899,11.841091024998,22.6664060970799,6.9673590225047,10.1886719580155,4.2881855133409,21.2957873550572,40.2803963759948,2.23367258201284,49.8868296504399,7.3500495578148,7.73355918714017,27.4587174329464,5.06576917907107,19.1412367458289,6.72066379005533,39.9274385515263,20.6618039910364,9.15037871239202,21.9917368741478,131.240867284337,8.37605495349115,6.31549662180833,8.52587649884747,10.8032956046223,2021
"198",46397,"AKDE","surf",16.8495664635012,31.9233695843993,13.3926740626721,25.3908988172442,7.60483135138501,11.1513789579774,4.6259677570685,23.704798360157,45.0115930597531,2.51631133637834,55.9359009482442,8.03608588642091,8.40081717104102,30.5343745517175,5.69849110013418,21.6212357220005,7.59756466154043,45.1182104017463,23.3713980110555,10.1753574186696,24.3932807667037,144.736362487188,8.89818174909628,6.75037851858997,9.09263842705009,11.4666233503007,2021
"199",46397,"BBMM","plan",7.80934341985813,3.96428080289467,3.05620129262543,9.37476843029104,7.05359976248359,6.92488619137424,3.74747479330261,12.8129333544473,9.51200558560004,1.434685674626,2.87238703818743,2.01945571562733,3.33316601379362,5.65971872634917,4.56201714576618,7.61050669613848,5.7552830622676,5.75028837587482,11.7533858631197,8.2157456280599,9.68562658753051,30.9137584037273,9.06072855711106,10.4929326765757,7.36571217737555,8.04784999344018,2021
"200",46397,"BBMM","surf",8.87412659288572,4.51875724832774,3.46600904337936,10.5206746010041,7.73600329105742,7.49247888940526,4.03585101438129,14.2633733591647,10.5823447896393,1.61801994733593,3.24848217132804,2.19888028962778,3.56194171754457,6.22295457106721,5.1453213168484,8.63337216005603,6.50683463814125,6.54210458459243,13.3710481087206,9.16265027159924,10.6596437859649,34.0980322920492,9.70720758987711,11.234371579921,7.89465287051612,8.60695967499785,2021
"201",46399,"AKDE","plan",10.627871192197,21.1481768491629,14.1171055426251,3.70605013542291,50.2753185765395,47.6752645887406,41.3926630141459,19.9889789186546,6.77825729034015,6.95260153621598,12.9265319514472,3.54530616478213,14.116750831711,5.82860958356229,4.98260954695242,11.7326494599744,31.803932455999,16.7737076077808,28.7725841404932,16.7477514071756,4.87635589501819,10.0874087376785,3.68304307196799,14.9338198457708,7.53443328598449,9.98268243606465,2021
"202",46399,"AKDE","surf",11.7292781547858,23.5449268377221,15.623083195111,4.08177184661973,55.7604897452867,53.4155184375538,46.2867872378459,22.1114364573528,7.50448242653599,7.59969408426139,14.3158123838746,3.88473603391051,15.5992631323972,6.45725094828821,5.51006047392188,13.0445030876513,35.3829435517402,18.6191299313406,31.8238647922015,18.5286310999344,5.43300607392183,11.2027602741699,4.07783355160041,16.4771384945552,8.32578619915342,11.0987292547884,2021
"203",46399,"BBMM","plan",9.26251433520895,5.96288862668085,10.2625895111534,5.88242222633154,18.4151811705424,7.99368621206411,9.23449722500025,6.67987112205845,4.48219174500097,5.43533172759275,6.24857346939032,2.87407830014919,8.11728548731024,4.51942934404261,3.68166459076672,3.39517442145607,5.01931539124958,3.35500462977401,16.8489964878522,15.8203624148164,4.30146650337442,12.5601832153416,2.64250782095871,7.65156020536356,6.65768859525839,4.64462859614219,2021
"204",46399,"BBMM","surf",10.2302413395573,6.6422350291513,11.3693840465137,6.52225051230727,20.33176141749,8.93919657602006,10.3376677803712,7.45906008942781,4.96815837132078,5.98763098948372,6.91636975999398,3.15438873593196,8.97539018689072,4.99960101492733,4.07507797813364,3.7515035942342,5.57473872563437,3.7437471783094,18.5837724180635,17.500573447219,4.79211271115196,13.9517262267421,2.93045858033155,8.44055527980928,7.41334564242322,5.15576621404437,2021
"205",46400,"AKDE","plan",22.8141247657664,24.2081509222615,16.3385734125989,7.3363156524808,30.2725401289075,25.6512174147609,150.711943985077,19.9039143115647,21.6197998372128,4.8696748294573,5.79312657655992,2.58864083933117,4.29413171287163,19.9404015990042,19.1080978854574,3.36328173263397,24.4084599382941,16.7789793973814,17.7092959989092,16.4181271136752,4.66494350384887,13.5397029513499,3.12156709366678,10.292670240485,4.14322233111789,7.28833196385851,2021
"206",46400,"AKDE","surf",25.3342806128511,26.6248918175549,18.067483584376,8.12707296740222,33.535897972236,28.3333453943275,168.533623383128,21.9756310846195,23.9067317993005,5.37348873559259,6.34789690722173,2.84987408061083,4.69855287288798,21.9915676403101,20.9740977547344,3.70970400302241,26.8356223216844,18.4896350711544,19.4964462018461,18.1590912275631,5.21135263780532,14.9997347962708,3.46042271288893,11.3447969998898,4.59821558295194,8.09464500753286,2021
"207",46400,"BBMM","plan",11.0713872102743,14.1327233080301,12.4232702596454,6.59089569490951,15.9764091067643,18.2288949587914,13.4941464199017,8.87997591566109,8.37931405693868,2.77050700784169,3.03662269311195,2.35493492907462,4.8660735835642,7.75635587002759,9.23993664614689,3.98194292625694,15.7829138947478,8.59537621483921,8.85285398227426,14.2018017864538,4.2736824821769,13.2881985102977,3.13678637430965,8.42413463657974,3.35816323931023,5.38060669552943,2021
"208",46400,"BBMM","surf",12.2779992237214,15.5196701443161,13.7478136846984,7.31218957158006,17.7925157239821,20.1692323881763,14.9629367825118,9.83387979841146,9.30111578501204,3.06061167917221,3.34755754084177,2.59777357252688,5.32901764632417,8.572126711268,10.1301658409659,4.40185950111053,17.35009754319,9.4681572454743,9.71800652681219,15.7127599057232,4.78160456160092,14.7042890922139,3.49369854686864,9.27521527838082,3.73189055938613,5.98430902548508,2021
"209",46401,"AKDE","plan",11.5208299238618,20.6342575775097,17.4186313828171,4.2286841955777,62.5598184756162,29.0621402622775,16.7707828393732,28.2034811725553,22.3489639146318,9.02415273947345,2.14828701748702,18.2190866599833,14.3134900437281,9.37730803739113,10.9959714759899,3.42396655790722,33.7368177505113,35.4474665191896,25.9025707039963,18.7259904899674,33.5597464342618,11.7288835457392,3.5029428568728,NA,NA,NA,2021
"210",46401,"AKDE","surf",12.7391080743945,22.9815951270923,19.2775964778045,4.66776664297835,69.5299692283803,32.0746884027948,18.5070892829271,31.1828485951328,24.723187096005,9.93159685238304,2.38850054442641,20.1306850107277,15.7591523433955,10.3150162456175,12.1066655528628,3.77497577344164,37.2932026672229,39.2716626085369,28.5190036736403,20.7037726369378,36.9966142855107,12.998525197814,3.86959778940822,NA,NA,NA,2021
"211",46401,"BBMM","plan",8.18302362449445,6.37898345590357,12.5855302371821,6.54380202685485,29.1100676602242,19.6805842511159,7.35148225020747,9.9613863522816,5.24554611332062,6.82919215959792,1.7355802213438,4.20000939864161,2.72153768962044,4.43405172898819,5.83238299617598,2.55272000662937,7.11674923621172,5.10765699526105,13.5587188353847,17.5066227693303,22.4342961055833,13.8899516045194,2.13538491208983,NA,NA,NA,2021
"212",46401,"BBMM","surf",9.03875574994563,7.08161266593748,13.9319331209082,7.25100615782894,32.2281056542491,21.7247238905585,8.16310609789723,11.0155767566207,5.84418836027615,7.52397591356861,1.92984493106905,4.67509435498952,2.98835520732864,4.90355826969518,6.43706453515114,2.82308168521241,7.89223010567678,5.6421948791853,14.9329860094164,19.3928738819238,24.7474377464402,15.4101269891673,2.37626071290725,NA,NA,NA,2021
"213",46402,"AKDE","plan",99.9628112872474,27.511116650525,13.4902830254026,8.32931941879625,17.288677725364,5.58589212231175,9.74179417625094,5.84253623916621,11.330637838635,1.14137705458426,7.17040337767621,8.44433949357071,14.4322560793424,2.30140102903479,7.91195427275945,3.05520302557643,7.57396368125006,6.51855936427464,60.7427041987833,18.3047375687565,51.0986125896161,28.1213681702683,15.0089339389087,22.7883764843517,8.23456317611446,23.7771288568987,2021
"214",46402,"AKDE","surf",110.825128853378,30.6591085892187,15.122448078865,9.16394123206225,18.9960500303817,6.1122628873861,10.6814403106423,6.41499785557395,12.407402302046,1.2510083916294,7.877499283754,9.2746638856012,15.8399686906302,2.53291226737889,8.66048799345962,3.39043280957234,8.35566584806211,7.18890746059315,67.3971356643464,20.1048858476667,56.5164971362346,31.0390904643849,16.4688937396535,25.084796736228,9.05463232484218,26.2188547961158,2021
"215",46402,"BBMM","plan",6.57912695216434,4.52895346220535,5.97429409134606,4.19762402497586,8.01589581902412,5.50613687531232,5.42054825202996,2.36735514175854,3.19701794422175,0.936442310404072,4.8925053702032,4.02563848369651,4.95075491572273,2.24940857425318,3.22156223162294,1.99235941251316,1.76689209482386,3.20434222012853,11.9443789950876,9.39358244196357,5.32594521610659,6.37464695978927,4.58372854565511,5.20441397690236,4.01355772553228,4.51001471026838,2021
"216",46402,"BBMM","surf",7.28467285066752,5.11294163580928,6.70483591402792,4.61967880626757,8.79139069160281,6.04500908149202,5.95414855123248,2.61374073387536,3.48228359192016,1.03286140258092,5.38839327688332,4.45583132190523,5.39384775265587,2.4826743418149,3.49019128760172,2.22295905129477,1.95324879484779,3.55952548561068,13.1775959976802,10.3267805225175,5.86098937435169,6.99666075918641,5.00507827292196,5.68105565204049,4.39404549382181,4.95291714213839,2021
